-- phpMyAdmin SQL Dump
-- version 4.0.4
-- http://www.phpmyadmin.net
--
-- Host: localhost
-- Generation Time: Oct 23, 2015 at 02:17 AM
-- Server version: 5.6.12-log
-- PHP Version: 5.4.12

SET SQL_MODE = "NO_AUTO_VALUE_ON_ZERO";
SET time_zone = "+00:00";


/*!40101 SET @OLD_CHARACTER_SET_CLIENT=@@CHARACTER_SET_CLIENT */;
/*!40101 SET @OLD_CHARACTER_SET_RESULTS=@@CHARACTER_SET_RESULTS */;
/*!40101 SET @OLD_COLLATION_CONNECTION=@@COLLATION_CONNECTION */;
/*!40101 SET NAMES utf8 */;

--
-- Database: `node`
--
CREATE DATABASE IF NOT EXISTS `node` DEFAULT CHARACTER SET latin1 COLLATE latin1_swedish_ci;
USE `node`;

-- --------------------------------------------------------

--
-- Table structure for table `courses`
--

CREATE TABLE IF NOT EXISTS `courses` (
  `id` int(11) NOT NULL AUTO_INCREMENT,
  `name` varchar(100) NOT NULL,
  `department_id` int(11) NOT NULL,
  `courseNumber` varchar(25) NOT NULL,
  PRIMARY KEY (`id`)
) ENGINE=InnoDB  DEFAULT CHARSET=latin1 AUTO_INCREMENT=19738 ;

--
-- Dumping data for table `courses`
--

INSERT INTO `courses` (`id`, `name`, `department_id`, `courseNumber`) VALUES
(19279, 'Accounting Info & Mgt Decision', 49165, '100'),
(19280, 'Principles of Accounting I', 49165, '101'),
(19281, 'Principles of Accounting II', 49165, '102'),
(19282, 'Agricultural Economics', 49166, '100'),
(19283, 'Environmental Economics', 49166, '225'),
(19284, 'Agricultural Business Mgmt.', 49166, '230'),
(19285, 'Farm Management and Finance', 49166, '240'),
(19286, 'Ag Financial Decision Making', 49166, '305'),
(19287, 'Ag Policy & Development', 49166, '450'),
(19288, 'Internship in Ag Business Dev', 49166, '470'),
(19289, 'Tractor Care & Maintenance', 49167, '100'),
(19290, 'Heavy Equipment Operation', 49167, '103'),
(19291, 'Principles of Farm Machinery', 49167, '105'),
(19292, 'Small Power Equipment', 49167, '110'),
(19293, 'Ag Engr Industry Overview', 49167, '115'),
(19294, 'Fundamentals of Hydraulics', 49167, '131'),
(19295, 'Construction Surveying', 49167, '135'),
(19296, 'Advanced Welding', 49167, '240'),
(19297, 'Advanced Hydraulics', 49167, '261'),
(19298, 'Instructional Assistance Exp', 49168, '400'),
(19299, 'Soil Science', 49169, '110'),
(19300, 'Field Crops', 49169, '210'),
(19301, 'Pasture Mgt Forage Prod Equine', 49169, '310'),
(19302, 'Pasture Mgt and Forages Prod', 49169, '310'),
(19303, 'Computer App Precision Farming', 49170, '132'),
(19304, 'American Sign Language I', 49171, '101'),
(19305, 'Introduction to Anthropology', 49172, '101'),
(19306, 'Architectural Graphic Comm.', 49173, '101'),
(19307, 'Introduction to Architecture', 49173, '102'),
(19308, 'Architectural Design I', 49173, '141'),
(19309, 'Architectural Design III', 49173, '243'),
(19310, 'Architectural Technology I', 49173, '271'),
(19311, 'Introduction to Visual Arts', 49174, '110'),
(19312, 'Introduction to Drawing', 49174, '120'),
(19313, 'Intro to Automotive Service', 49175, '101'),
(19314, 'Intro to Braking Systems', 49175, '102'),
(19315, 'Intro Auto Electrical Systems', 49175, '103'),
(19316, 'Cooperative Training II', 49175, '200'),
(19317, 'Steering/Suspension Systems', 49175, '201'),
(19318, 'Manual Transmission/Drive Trn', 49175, '202'),
(19319, 'Climate Control', 49175, '203'),
(19320, 'Metals', 49176, '102'),
(19321, 'Internal Combustion Engines I', 49176, '103'),
(19322, 'Automotive Electronics I', 49176, '104'),
(19323, 'Chassis Analysis I', 49176, '109'),
(19324, 'Summer Work Experience', 49176, '110'),
(19325, 'Automobile Industry Awareness', 49176, '138'),
(19326, 'Automotive Drivetrains', 49176, '171'),
(19327, 'Autobody Fundamentals', 49176, '202'),
(19328, 'Automotive Engine Analysis', 49176, '203'),
(19329, 'Automotive Electronics III', 49176, '204'),
(19330, 'Electronic Fuel Systems', 49176, '205'),
(19331, 'Auto Air Cond & Refrg Recovery', 49176, '260'),
(19332, 'Auto Air Condition & Heat', 49176, '261'),
(19333, 'Refinishing & Structure Mg', 49176, '269'),
(19334, 'Advanced Automotive Chassis', 49176, '309'),
(19335, 'Collision Business & Mgt', 49176, '359'),
(19336, 'Auto Shop Mgt & Supervision', 49176, '360'),
(19337, 'Adv Powertrain Management', 49176, '371'),
(19338, 'Auto Parts Management', 49176, '380'),
(19339, 'Automotive Fleet Management', 49176, '400'),
(19340, 'Auto Industry Internship Orien', 49176, '420'),
(19341, 'Automotive Industry Internship', 49176, '421'),
(19342, 'Introduction to Biology', 49177, '101'),
(19343, 'Botany-Form Function Seed Plt', 49177, '102'),
(19344, 'Human Biology', 49177, '105'),
(19345, 'Topics in Contemporary Biology', 49177, '107'),
(19346, 'General Biology I', 49177, '120'),
(19347, 'Myology I', 49177, '135'),
(19348, 'Neurology', 49177, '137'),
(19349, 'Human Anatomy + Physiology I', 49177, '150'),
(19350, 'Human Anatomy + Physiology II', 49177, '151'),
(19351, 'General Microbiology', 49177, '285'),
(19352, 'Pathophysiology', 49177, '301'),
(19353, 'Business in the 21st Century', 49178, '100'),
(19354, 'Business Mathematics', 49178, '102'),
(19355, 'Business Law 1', 49178, '108'),
(19356, 'Personal Finance', 49178, '109'),
(19357, 'Marketing', 49178, '112'),
(19358, 'Business Organization & Mgmnt', 49178, '116'),
(19359, 'Business Communications', 49178, '140'),
(19360, 'Business Law II', 49178, '203'),
(19361, 'Promotion Management', 49178, '206'),
(19362, 'Human Resource Management', 49178, '215'),
(19363, 'Business Statistics', 49178, '221'),
(19364, 'Special Topics in Business', 49178, '295'),
(19365, 'Management Communications', 49178, '300'),
(19366, 'Human Resource Management', 49178, '310'),
(19367, 'Entrepreneurship', 49178, '320'),
(19368, 'Analytic Marketing', 49178, '325'),
(19369, 'Consumer Behavior', 49178, '329'),
(19370, 'Intro to Sport Management', 49178, '343'),
(19371, 'Principles Corporate Finance', 49178, '350'),
(19372, 'International Business', 49178, '380'),
(19373, 'Production & Operation Mgt', 49178, '400'),
(19374, 'Responsible Business Ownership', 49178, '408'),
(19375, 'Leadership in Organizations', 49178, '411'),
(19376, 'Global Marketing', 49178, '419'),
(19377, 'Management Consulting', 49178, '465'),
(19378, 'Strategic Management', 49178, '470'),
(19379, 'Intro To Computer-Aided Drftng', 49179, '181'),
(19380, 'Arch CAD Drafting & Design', 49179, '183'),
(19381, 'CAD for Mechanical Design', 49179, '184'),
(19382, 'Introduction to Gaming', 49180, '102'),
(19383, 'Technology & Controls Gaming', 49180, '230'),
(19384, 'Hospitality Sales & Marketing', 49180, '240'),
(19385, 'Basic Chemistry', 49181, '101'),
(19386, 'General College Chemistry I', 49181, '121'),
(19387, 'General College Chemistry II', 49181, '122'),
(19388, 'Chemical Principles I', 49181, '141'),
(19389, 'Organic Chemistry I', 49181, '241'),
(19390, 'Principles Computer Apps', 49182, '101'),
(19391, 'Computer Applications I', 49182, '110'),
(19392, 'Introduction to Programming', 49182, '140'),
(19393, 'Data Communications Networking', 49182, '200'),
(19394, 'Visual Languages & Devel Tools', 49182, '210'),
(19395, 'Systems Analysis', 49182, '220'),
(19396, 'Photography & Digital Imaging', 49182, '260'),
(19397, 'Computer Crime Digital Forensi', 49182, '275'),
(19398, 'Computer System Support Mainte', 49182, '300'),
(19399, 'Network Administration', 49182, '320'),
(19400, 'Network Defense & Countermeas.', 49182, '325'),
(19401, 'Web Publishing', 49182, '330'),
(19402, 'User Interface Design', 49182, '385'),
(19403, 'Internship Orientation Seminar', 49182, '395'),
(19404, 'Project Management', 49182, '405'),
(19405, 'Multi-Media Computing', 49182, '410'),
(19406, 'Comp Integration & Interop', 49182, '430'),
(19407, 'Design Managing Org Training', 49182, '440'),
(19408, 'Applied Database Manager', 49182, '450'),
(19409, 'Organizational & End User IS', 49182, '460'),
(19410, 'Internship Information Tech', 49182, '480'),
(19411, 'Intro Criminal Justice Systems', 49183, '101'),
(19412, 'Policing', 49183, '202'),
(19413, 'Criminal Investigation I', 49183, '220'),
(19414, 'Criminal Investigation II', 49183, '221'),
(19415, 'Basics of Penal Law', 49183, '230'),
(19416, 'Crime Scene Investigation &Mgt', 49183, '301'),
(19417, 'Victimization', 49183, '312'),
(19418, 'White Collar Crime', 49183, '315'),
(19419, 'Emergency Planning & Response', 49183, '401'),
(19420, 'Terrorism & Law Enforcement', 49183, '402'),
(19421, 'Private Security', 49183, '403'),
(19422, 'Staff Misconduct/Work Violence', 49183, '414'),
(19423, 'Internship Preparation', 49183, '449'),
(19424, 'Criminal Justice Internship', 49183, '450'),
(19425, 'Coaching Effectiveness', 49184, '101'),
(19426, 'Theory Technique Coaching', 49184, '102'),
(19427, 'Health Related Aspect Coaching', 49184, '103'),
(19428, 'Introduction to Speech', 49185, '111'),
(19429, 'Small Group Discussion', 49185, '131'),
(19430, 'Visual Communication', 49185, '300'),
(19431, 'Introduction College Writing', 49186, '100'),
(19432, 'Composition and Research', 49186, '101'),
(19433, 'Writing About Literature', 49186, '102'),
(19434, 'Technical Communications', 49186, '110'),
(19435, 'Creative Writing - Short Story', 49186, '230'),
(19436, 'Advance Tech Communication', 49186, '310'),
(19437, 'Intro To Computer Science', 49187, '111'),
(19438, 'Assembly Language Programming', 49187, '221'),
(19439, 'Culinary Arts I', 49188, '101'),
(19440, 'Professional Baking', 49188, '111'),
(19441, 'Advanced Culinary Arts', 49188, '201'),
(19442, 'Culinary Restaurant', 49188, '211'),
(19443, 'Dairy Nutrition', 49189, '100'),
(19444, 'Dairy Cattle Judging', 49189, '140'),
(19445, 'Dairy Farm Practicum', 49189, '150'),
(19446, 'Dairy Techniques', 49189, '151'),
(19447, 'Introduction to Dairy Science', 49189, '160'),
(19448, 'Dairy Health', 49189, '210'),
(19449, 'Dairy Herd Management', 49189, '220'),
(19450, 'Internship In Dairy Husbandry', 49189, '300'),
(19451, 'Advanced Dairy Reproduction', 49189, '340'),
(19452, 'Advanced Dairy Herd Mgt', 49189, '450'),
(19453, 'Engineering Drawing I', 49190, '151'),
(19454, 'Geometric Dimension Tolerance', 49190, '252'),
(19455, 'Diesel Electrical Systems', 49191, '125'),
(19456, 'Mechanical Injection Systems', 49191, '250'),
(19457, 'Diesel Equip Tech Internship 2', 49191, '300'),
(19458, 'Electrical Power Generation', 49191, '325'),
(19459, 'Academic Writing 088', 49192, '088'),
(19460, 'English for Academic Purposes', 49192, '099'),
(19461, 'Academic Writing 100', 49192, '100'),
(19462, 'Academic Writing 101', 49192, '101'),
(19463, 'Introduction to Macroeconomics', 49193, '100'),
(19464, 'Introduction to Microeconomics', 49193, '140'),
(19465, 'Introduction to Teaching', 49194, '101'),
(19466, 'Electrical Theory 1b', 49195, '190'),
(19467, 'Computer Tools in Engineering', 49196, '100'),
(19468, 'Analytic Mechanics I', 49196, '201'),
(19469, 'Industrial Internship', 49197, '100'),
(19470, 'Agricultural Science', 49198, '101'),
(19471, 'Botany-Form Function Seed Plt', 49198, '102'),
(19472, 'Integrated Pest Management', 49198, '107'),
(19473, 'Accounting for Entrepreneurs', 49199, '320'),
(19474, 'Guerilla Tactics Bus Mkt', 49199, '327'),
(19475, 'Creating the Business Venture', 49199, '417'),
(19476, 'Preparation for Field Study', 49199, '474'),
(19477, 'Intro Environmental Technology', 49200, '100'),
(19478, 'Intermediate Equitation', 49201, '102'),
(19479, 'Advanced Equitation', 49201, '104'),
(19480, 'Western Riding', 49201, '200'),
(19481, 'Intro Train Hunters & Jumpers', 49201, '240'),
(19482, 'Breaking And Training', 49201, '250'),
(19483, 'Adv. Equine Specialization I', 49201, '300'),
(19484, 'Equine Instruction Methodology', 49201, '330'),
(19485, 'Advanced Equine Special II', 49201, '350'),
(19486, 'Adv Equine Specialization III', 49201, '400'),
(19487, 'Equine & Stable Management', 49202, '130'),
(19488, 'Farm Practicum I Equine', 49202, '150'),
(19489, 'Farm Practicum II (Equine)', 49202, '151'),
(19490, 'Equine Nutrition', 49202, '210'),
(19491, 'Fitting And Marketing-Equine', 49202, '235'),
(19492, 'Internship In Equine Husbandry', 49202, '300'),
(19493, 'Applied Equine Nutrition', 49202, '310'),
(19494, 'Equine Business Management', 49202, '315'),
(19495, 'Equine Young Stock Management', 49202, '320'),
(19496, 'Equine Rehabilitation I', 49202, '325'),
(19497, 'Equine Promotion & Sales', 49202, '340'),
(19498, 'Equine Rehabilitation III', 49202, '415'),
(19499, 'Equine Internship', 49202, '420'),
(19500, 'Care &Training Race Horse I', 49203, '100'),
(19501, 'Advanced Equine Racing', 49203, '210'),
(19502, 'Adv. Equine Special- Racing', 49203, '300'),
(19503, 'Equine Racing Mgt III', 49203, '400'),
(19504, 'Basic Op Wastewater Treatment', 49204, '101'),
(19505, 'Basic WW Laboratory Procedures', 49204, '102'),
(19506, 'Activated Sludge WW Treatment', 49204, '200'),
(19507, 'Grade 3 Supervision', 49204, '210'),
(19508, 'Grade 4 Management', 49204, '300'),
(19509, 'Global and Ethnic Foods', 49205, '100'),
(19510, 'Quantity Foods Preparatn &Serv', 49205, '101'),
(19511, 'Applied Food Servic Sanitation', 49205, '102'),
(19512, 'Cooperative Summer Work', 49205, '201'),
(19513, 'Food Purchasing & Cost Control', 49205, '255'),
(19514, 'Intro World Regional Geography', 49206, '101'),
(19515, 'First Year Experience', 49207, '100'),
(19516, 'First Year Experience General', 49207, '100'),
(19517, 'Practical Study Skills', 49207, '102'),
(19518, 'Reading Comprehension', 49207, '103'),
(19519, 'Peer Tutor Training I', 49207, '203'),
(19520, 'Peer Tutor Training II', 49207, '204'),
(19521, 'United States History to 1800', 49208, '101'),
(19522, 'U.S. History 1800 to 1900', 49208, '102'),
(19523, 'U.S. History from 1900-Present', 49208, '103'),
(19524, 'World History to 1600', 49208, '151'),
(19525, 'European History to 1648', 49208, '161'),
(19526, 'Women in the United States', 49208, '225'),
(19527, 'History of New York State', 49208, '320'),
(19528, 'Plant Materials', 49209, '101'),
(19529, 'Landscape Planning & Design II', 49209, '105'),
(19530, 'Floral Design', 49209, '106'),
(19531, 'Landscape & Turf Management', 49209, '109'),
(19532, 'Horticulture Practices I', 49209, '110'),
(19533, 'Greenhouse Management', 49209, '200'),
(19534, 'Plant Propagation', 49209, '201'),
(19535, 'Internship In Horticulture', 49209, '250'),
(19536, 'Horticultural Practices III', 49209, '310'),
(19537, 'Horticulture Internship Orient', 49209, '320'),
(19538, 'Horticulture Practices IV', 49209, '410'),
(19539, 'HORT Business Internship', 49209, '440'),
(19540, 'Intro to Wellness & Fitness', 49210, '100'),
(19541, 'Fieldwork Clinical Exer Sci', 49210, '101'),
(19542, 'Exercise Physiology I', 49210, '200'),
(19543, 'Sport & Exercise Psychology', 49210, '300'),
(19544, 'Kinesiology & Applied Anatomy', 49210, '301'),
(19545, 'Community Service in Sport Sci', 49210, '304'),
(19546, 'App Strength Cond Principles', 49210, '400'),
(19547, 'Cardiopulmonary Assess for Ex', 49210, '401'),
(19548, 'Wellness Center Internship', 49210, '402'),
(19549, 'Ex Phys Special Populations', 49210, '403'),
(19550, 'HPHP Internship', 49210, '405'),
(19551, 'Counseling & Case Management', 49211, '201'),
(19552, 'Intro to Mass Communication', 49212, '101'),
(19553, 'News Writing & Reporting', 49212, '111'),
(19554, 'Production Lab I', 49212, '185'),
(19555, 'Specialized Writing', 49212, '214'),
(19556, 'Desktop Publishing', 49212, '270'),
(19557, 'Production Laboratory III', 49212, '285'),
(19558, 'Production Lab WCVM Media III', 49212, '287'),
(19559, 'Broadcast Scriptwriting', 49212, '313'),
(19560, 'Videojourn Producing & Editing', 49212, '326'),
(19561, 'Web Content Design', 49212, '345'),
(19562, 'Production Lab in JCOM I', 49212, '385'),
(19563, 'Production Lab WCVM Media V', 49212, '387'),
(19564, 'Internship in JCOM', 49212, '410'),
(19565, 'Remote Broadcast Production', 49212, '426'),
(19566, 'Production Lab in JCOM III', 49212, '485'),
(19567, 'Western World Literature', 49213, '207'),
(19568, 'Black American Writers', 49213, '211'),
(19569, 'Elementary Algebra', 49214, '101'),
(19570, 'Eastern Anatomy & Physiology', 49215, '101'),
(19571, 'Western Massage I', 49215, '102'),
(19572, 'Western Medical Massage', 49215, '201'),
(19573, 'Eastern Medical Massage', 49215, '202'),
(19574, 'Professional Issues', 49215, '203'),
(19575, 'Intermediate Algebra w Trig', 49216, '102'),
(19576, 'College Algebra w/ Trig', 49216, '103'),
(19577, 'Elementary Statistics', 49216, '123'),
(19578, 'Statistics', 49216, '141'),
(19579, 'Selected Topics In Precalculus', 49216, '147'),
(19580, 'Analytic Geometry & Calculus I', 49216, '151'),
(19581, 'Analytic Geometry&Calculus II', 49216, '152'),
(19582, 'Business Calculus', 49216, '153'),
(19583, 'Engineering Calculus I', 49216, '161'),
(19584, 'Engineering Calculus III', 49216, '261'),
(19585, 'Engineering Materials', 49217, '120'),
(19586, 'Analytical Mechanics (Statics)', 49217, '211'),
(19587, 'Strength of Materials', 49217, '213'),
(19588, 'CNC Machining', 49218, '206'),
(19589, 'Manufacturing Processes 1', 49218, '221'),
(19590, 'Ensemble', 49219, '150'),
(19591, 'Ensemble', 49219, '160'),
(19592, 'Ensemble', 49219, '165'),
(19593, 'Intro to Forestry and NR', 49220, '100'),
(19594, 'General Ecology', 49220, '101'),
(19595, 'Intro To Recreation Area Mgmnt', 49220, '120'),
(19596, 'Plane Surveying I', 49220, '142'),
(19597, 'Seminar/Environmental Resc I', 49220, '144'),
(19598, 'Aquaculture', 49220, '150'),
(19599, 'Fish Reproduction', 49220, '152'),
(19600, 'Aquaculture Practicum I', 49220, '156'),
(19601, 'Dendrology', 49220, '210'),
(19602, 'Internship Natural Resources', 49220, '246'),
(19603, 'Aquatic Ecology', 49220, '250'),
(19604, 'Aquaculture Practicum III', 49220, '257'),
(19605, 'Holistic Health', 49221, '100'),
(19606, 'Skills for Success in Nursing', 49221, '101'),
(19607, 'Fundamentals of Nursing 1A', 49221, '105'),
(19608, 'Fundamentals of Nursing IB', 49221, '110'),
(19609, 'Care of Common Health Problems', 49221, '150'),
(19610, 'Pharmacology I', 49221, '152'),
(19611, 'Care - Complex Health Problems', 49221, '210'),
(19612, 'Multiple Common Complex Probs', 49221, '250'),
(19613, 'Transition into Practice', 49221, '251'),
(19614, 'Basic Nutrition', 49222, '108'),
(19615, 'Nutrition I', 49222, '110'),
(19616, 'Health Field', 49222, '115'),
(19617, 'Nutrition and Life Cycle', 49222, '210'),
(19618, 'Supervised Field Experience', 49222, '220'),
(19619, 'Edu Methods-Food & Health Care', 49222, '225'),
(19620, 'Supervised Field Experience II', 49222, '230'),
(19621, 'Intro Word Processing Software', 49223, '100'),
(19622, 'Personal Computer Keyboarding', 49223, '106'),
(19623, 'Intro Presentation Software', 49223, '109'),
(19624, 'Intro Spreadsheet Software', 49223, '110'),
(19625, 'Keyboarding 1-A', 49223, '111'),
(19626, 'Keyboarding 1-B', 49223, '112'),
(19627, 'Medical Keyboarding', 49223, '116'),
(19628, 'Office Admin Orientation', 49223, '117'),
(19629, 'Data Entry', 49223, '130'),
(19630, 'Machine Transcription', 49223, '135'),
(19631, 'Outpatient Billing', 49223, '201'),
(19632, 'Admin Secretarial Support Proc', 49223, '210'),
(19633, 'Medical Office Procedures', 49223, '218'),
(19634, 'Doc Design Business Analysis', 49223, '220'),
(19635, 'Medical Terminology', 49223, '250'),
(19636, 'Office Technology Internship I', 49223, '291'),
(19637, 'Office Tech Internship II', 49223, '292'),
(19638, 'Fitness One', 49224, '141'),
(19639, 'Fitness Two', 49224, '142'),
(19640, 'Fitness Three', 49224, '143'),
(19641, 'Varsity Golf - Men', 49224, '149'),
(19642, 'Self Defense', 49224, '150'),
(19643, 'Intercollegiate Huntseat', 49224, '151'),
(19644, 'Intercollegiate Western Riding', 49224, '151'),
(19645, 'Varsity Football', 49224, '153'),
(19646, 'Varsity Soccer - Men', 49224, '154'),
(19647, 'Varsity Soccer - Women', 49224, '155'),
(19648, 'Varsity Cross Country', 49224, '156'),
(19649, 'Varsity Field Hockey', 49224, '158'),
(19650, 'Varsity Volleyball', 49224, '160'),
(19651, 'Varsity Basketball', 49224, '170'),
(19652, 'Varsity Basketball - Women', 49224, '170'),
(19653, 'Varisty Ice Hockey - Women', 49224, '175'),
(19654, 'Varsity Ice Hockey - Men', 49224, '175'),
(19655, 'Professional Ethics', 49225, '311'),
(19656, 'Introductory Physics I', 49226, '107'),
(19657, 'General Physics I', 49226, '127'),
(19658, 'Univ Physics II(Elec & Magnet)', 49226, '158'),
(19659, 'American Judiciary System', 49227, '113'),
(19660, 'Introduction to Psychology', 49228, '101'),
(19661, 'Intro to Applied Psychology', 49228, '103'),
(19662, 'Child Development', 49228, '241'),
(19663, 'Abnormal Psychology', 49228, '251'),
(19664, 'Industrial/Org Psychology', 49228, '304'),
(19665, 'Research Methods Applied Psy I', 49228, '361'),
(19666, 'Group Behavior', 49228, '384'),
(19667, 'Social Psychology', 49228, '386'),
(19668, 'Applied Psyc Internship Orient', 49228, '405'),
(19669, 'Applied Psychology Internship', 49228, '406'),
(19670, 'Senior Seminar Applied Psych', 49228, '410'),
(19671, 'Renewable Energy Resources', 49229, '102'),
(19672, 'Renewable Energy Seminar', 49229, '103'),
(19673, 'Intro to Solar Photovoltaics', 49229, '231'),
(19674, 'Biomass Energy Resources', 49229, '310'),
(19675, 'Intro to Micro Hydro Systems', 49229, '321'),
(19676, 'Biomass Energy Conv - BioChem', 49229, '410'),
(19677, 'Renewable Energy Internship', 49229, '490'),
(19678, 'Graphic Communications', 49230, '106'),
(19679, 'Light Framing', 49230, '130'),
(19680, 'Estimating And Planning', 49230, '201'),
(19681, 'Masonry And Foundations', 49230, '211'),
(19682, 'Plumbing', 49230, '221'),
(19683, 'Riparian Ecology &Wetland Mgt', 49231, '302'),
(19684, 'Aquatic Field Techniques', 49231, '312'),
(19685, 'Ecosystem Impact Management', 49231, '412'),
(19686, 'Geospatial Tech Application II', 49231, '421'),
(19687, 'RREN Internship Orientation', 49231, '450'),
(19688, 'Internship Renewable Resources', 49231, '470'),
(19689, 'Legal Implications RR Industry', 49232, '320'),
(19690, 'Tech Applications for RR Mgt', 49232, '440'),
(19691, 'Facilities Safety and Security', 49232, '450'),
(19692, 'Managing Entertainment Venues', 49232, '465'),
(19693, 'RR Internship Orientation', 49232, '470'),
(19694, 'Internship RR Service Mgt', 49232, '480'),
(19695, 'Reading Essentials', 49233, '087'),
(19696, 'Writing Essentials', 49233, '088'),
(19697, 'Pre-Algebra', 49233, '091'),
(19698, 'Introduction to Sociology', 49234, '101'),
(19699, 'Social Movements & Comm Chg', 49234, '360'),
(19700, 'Beginning College Spanish 1', 49235, '101'),
(19701, 'Beginning College Spanish 2', 49235, '102'),
(19702, 'Special Projects Automotive I', 49236, '108'),
(19703, 'Special Projects Automotive II', 49236, '109'),
(19704, 'Spec Proj Horticulture I', 49236, '136'),
(19705, 'Spec Proj Equine I', 49236, '146'),
(19706, 'Spec Proj Equine II', 49236, '147'),
(19707, 'Spec Proj Equine III', 49236, '148'),
(19708, 'Spec Proj Natural Resources I', 49236, '177'),
(19709, 'Special Project Nutrition I', 49236, '186'),
(19710, 'SPPR in Agriculture I', 49236, '190'),
(19711, 'SPPR in Agriculture II', 49236, '191'),
(19712, 'Spec Proj Equine Management I', 49236, '300'),
(19713, 'Special Project in RRMT I', 49236, '301'),
(19714, 'Special Project in RRMT II', 49236, '302'),
(19715, 'Special Project in RRMT III', 49236, '303'),
(19716, 'Special Project in Info Tech I', 49236, '331'),
(19717, 'Special Project Info Tech II', 49236, '332'),
(19718, 'Special Project Info Tech III', 49236, '333'),
(19719, 'Upper Level SPPR Ren Energy II', 49236, '352'),
(19720, 'Upper Levl SPPR Ren Energy III', 49236, '353'),
(19721, 'Humans vs. Nature', 49237, '301'),
(19722, 'Senior Seminar in STS', 49237, '411'),
(19723, 'Internship in Tech Management', 49238, '480'),
(19724, 'Play Production', 49239, '125'),
(19725, 'Theatre Production Laboratory', 49239, '150'),
(19726, 'Tourism And Geography', 49240, '101'),
(19727, 'Travel-Tourism/Hospitality', 49240, '106'),
(19728, 'Tourism Planning & Development', 49240, '250'),
(19729, 'Cooperative Work Experience', 49240, '251'),
(19730, 'Travel Agency Operations', 49240, '253'),
(19731, 'Tourism Agency Operations', 49240, '255'),
(19732, 'University Success Seminar', 49241, '100'),
(19733, 'Stress and Wellness', 49242, '101'),
(19734, 'Wood Products and Processes', 49243, '101'),
(19735, 'Wood Glues,Laminating&Finishes', 49243, '221'),
(19736, 'Wood Seasoning & Preservation', 49243, '231'),
(19737, 'Secondary Wood Processing', 49243, '241');

-- --------------------------------------------------------

--
-- Table structure for table `course_sections`
--

CREATE TABLE IF NOT EXISTS `course_sections` (
  `id` int(11) NOT NULL AUTO_INCREMENT,
  `name` varchar(25) NOT NULL,
  `course_id` int(11) NOT NULL,
  `courseterm_id` int(11) NOT NULL,
  `courseCRN` varchar(5) NOT NULL,
  `instructor` varchar(25) NOT NULL,
  `currentEnrollment` int(11) NOT NULL,
  `maxEnrollment` int(11) NOT NULL,
  `credits` int(11) NOT NULL,
  PRIMARY KEY (`id`)
) ENGINE=InnoDB  DEFAULT CHARSET=latin1 AUTO_INCREMENT=3355 ;

--
-- Dumping data for table `course_sections`
--

INSERT INTO `course_sections` (`id`, `name`, `course_id`, `courseterm_id`, `courseCRN`, `instructor`, `currentEnrollment`, `maxEnrollment`, `credits`) VALUES
(2237, '01', 19279, 0, '10193', 'Beebe, Robert R', 17, 30, 3),
(2238, '02', 19279, 0, '10189', 'Beebe, Robert R', 14, 30, 3),
(2239, '01', 19280, 0, '13049', 'Vosteen, Paul A', 27, 30, 3),
(2240, '02', 19280, 0, '10204', 'Beebe, Robert R', 20, 30, 3),
(2241, '03', 19280, 0, '10218', 'Beebe, Robert R', 30, 30, 3),
(2242, '04', 19280, 0, '10226', 'Vosteen, Paul A', 20, 30, 3),
(2243, 'LN1', 19280, 0, '10235', 'Vosteen, Paul A', 15, 20, 3),
(2244, '01', 19281, 0, '10241', 'Beebe, Robert R', 20, 30, 3),
(2245, 'LN1', 19281, 0, '13230', 'Vosteen, Paul A', 14, 20, 3),
(2246, '01', 19282, 0, '10332', 'Hayes, Corey M', 59, 50, 3),
(2247, '02', 19282, 0, '10335', 'Hayes, Corey M', 55, 50, 3),
(2248, '03', 19282, 0, '12351', 'Hayes, Corey M', 54, 50, 3),
(2249, 'LN1', 19283, 0, '14775', 'Becker, Kenneth M', 13, 20, 3),
(2250, '01', 19284, 0, '13332', 'Hayes, Corey M', 27, 20, 2),
(2251, '01', 19285, 0, '14409', 'Marshman, Sheila A', 43, 40, 4),
(2252, '02', 19285, 0, '14410', 'Marshman, Sheila A', 38, 30, 4),
(2253, '03', 19285, 0, '14411', 'Marshman, Sheila A', 34, 50, 4),
(2254, '01', 19286, 0, '13506', 'Pollock, Craig A', 20, 25, 3),
(2255, '01L', 19286, 0, '13507', 'Pollock, Craig A', 20, 25, 0),
(2256, '01', 19287, 0, '14849', 'Marshman, Sheila A', 10, 20, 3),
(2257, 'PD1', 19288, 0, '14778', 'Hayes, Corey M', 6, 10, 15),
(2258, '01', 19289, 0, '10487', 'Cross, Robert R', 48, 65, 3),
(2259, '01L', 19289, 0, '10488', 'Cross, Robert R', 13, 15, 0),
(2260, '02L', 19289, 0, '10489', 'Cross, Robert R', 14, 15, 0),
(2261, '03L', 19289, 0, '10494', 'Cross, Robert R', 12, 15, 0),
(2262, '04L', 19289, 0, '13704', 'Cross, Robert R', 9, 15, 0),
(2263, '01', 19290, 0, '13399', 'Kelly, Brendan T', 20, 16, 2),
(2264, '01L', 19290, 0, '13400', 'Carsten, Seth A', 9, 8, 0),
(2265, '02L', 19290, 0, '12936', 'Carsten, Seth A', 11, 8, 0),
(2266, '01', 19291, 0, '11275', 'Cross, Robert R', 27, 40, 2),
(2267, '01L', 19291, 0, '11276', 'Cross, Robert R', 14, 15, 0),
(2268, '02L', 19291, 0, '11980', 'Cross, Robert R', 13, 15, 0),
(2269, '01', 19292, 0, '11269', 'Ax, Charles J', 11, 15, 2),
(2270, '01L', 19292, 0, '11271', 'Ax, Charles J', 11, 15, 0),
(2271, '01', 19293, 0, '13326', 'Cross, Robert R', 19, 20, 1),
(2272, '01', 19294, 0, '14840', 'Bach, Frederick W', 50, 50, 3),
(2273, '01L', 19294, 0, '14841', 'Ford, Jared T', 13, 15, 0),
(2274, '02L', 19294, 0, '14842', 'Bach, Frederick W', 11, 15, 0),
(2275, '03L', 19294, 0, '14843', 'Ford, Jared T', 13, 15, 0),
(2276, '04L', 19294, 0, '14844', 'Ford, Jared T', 13, 15, 0),
(2277, '01', 19295, 0, '10505', 'Shayya, Walid', 13, 15, 3),
(2278, '01L', 19295, 0, '10506', 'Shayya, Walid', 13, 15, 0),
(2279, '01', 19296, 0, '10869', 'Jones, Graham', 13, 12, 2),
(2280, '01L', 19296, 0, '10870', 'Jones, Graham', 13, 12, 0),
(2281, '01', 19297, 0, '13616', 'Bach, Frederick W', 22, 34, 4),
(2282, '01L', 19297, 0, '13617', 'Bach, Frederick W', 13, 14, 0),
(2283, '01R', 19297, 0, '13619', 'Bach, Frederick W', 22, 34, 0),
(2284, '02L', 19297, 0, '13618', 'Bach, Frederick W', 9, 14, 0),
(2285, '01', 19298, 0, '14124', 'Day, William E', 1, 15, 0),
(2286, '02', 19298, 0, '14125', 'Hargrave, J. R', 2, 5, 0),
(2287, '03', 19298, 0, '14272', 'Adams, Ashley E', 3, 1, 0),
(2288, '04', 19298, 0, '14417', 'Marshman, Sheila A', 1, 10, 0),
(2289, '05', 19298, 0, '14418', 'Mooney, Charles S', 3, 5, 0),
(2290, '06', 19298, 0, '14501', 'Hayes, Corey M', 5, 5, 0),
(2291, '09', 19298, 0, '14644', 'Nyberg, Michelle', 7, 10, 0),
(2292, '10', 19298, 0, '14732', 'Pollock, Craig A', 2, 0, 0),
(2293, '11', 19298, 0, '14736', 'Gilbert-Jenkins, Jennifer', 1, 0, 0),
(2294, '12', 19298, 0, '14740', 'Soucy, David S', 2, 0, 0),
(2295, '01', 19299, 0, '10366', 'Gilbert-Jenkins, Jennifer', 30, 36, 3),
(2296, '01L', 19299, 0, '10367', 'Gilbert-Jenkins, Jennifer', 16, 18, 0),
(2297, '02L', 19299, 0, '10368', 'Gilbert-Jenkins, Jennifer', 14, 18, 0),
(2298, '01', 19300, 0, '10369', 'Gilbert-Jenkins, Jennifer', 30, 36, 3),
(2299, '01L', 19300, 0, '10370', 'Gilbert-Jenkins, Jennifer', 23, 18, 0),
(2300, '02L', 19300, 0, '10371', 'Gilbert-Jenkins, Jennifer', 7, 18, 0),
(2301, '02L', 19301, 0, '13291', 'Gilbert-Jenkins, Jennifer', 13, 16, 0),
(2302, '03L', 19301, 0, '13770', 'Gilbert-Jenkins, Jennifer', 21, 16, 0),
(2303, '01', 19302, 0, '12302', 'Gilbert-Jenkins, Jennifer', 48, 64, 3),
(2304, '04L', 19302, 0, '14196', 'Gilbert-Jenkins, Jennifer', 14, 16, 0),
(2305, '01', 19303, 0, '13124', 'Shayya, Walid', 37, 30, 2),
(2306, '01L', 19303, 0, '13125', 'Shayya, Walid', 11, 15, 0),
(2307, '02L', 19303, 0, '13127', 'Shayya, Walid', 13, 15, 0),
(2308, '03L', 19303, 0, '13301', 'Shayya, Walid', 13, 15, 0),
(2309, '01', 19304, 0, '14085', 'Stockwell, Emily A', 26, 25, 3),
(2310, '02', 19304, 0, '14708', 'Stockwell, Emily A', 25, 25, 3),
(2311, '01', 19305, 0, '14305', 'Reymers, Kurt E', 29, 35, 3),
(2312, '02', 19306, 0, '12452', 'Kelly, Brian J', 7, 15, 2),
(2313, '02L', 19306, 0, '12453', 'Kelly, Brian J', 7, 15, 0),
(2314, '01', 19307, 0, '12364', 'Kelly, Deborah J', 7, 30, 2),
(2315, '01', 19308, 0, '14215', 'Kelly, Brian J', 7, 15, 4),
(2316, '01L', 19308, 0, '14216', 'Kelly, Brian J', 7, 15, 0),
(2317, '01', 19309, 0, '14221', 'Kelly, Deborah J', 3, 20, 4),
(2318, '01L', 19309, 0, '14222', 'Kelly, Deborah J', 3, 20, 0),
(2319, '01', 19310, 0, '14223', 'Kelly, Brian J', 3, 20, 3),
(2320, '01L', 19310, 0, '14224', 'Kelly, Brian J', 3, 20, 0),
(2321, '01', 19311, 0, '14304', 'Yardley, Leigh A', 35, 35, 3),
(2322, 'OC1', 19311, 0, '14877', 'Rogers, Ellen J', 14, 0, 3),
(2323, 'OC2', 19311, 0, '14878', 'Davies, Melissa B', 13, 0, 3),
(2324, '01', 19312, 0, '12514', 'Yardley, Leigh A', 13, 13, 2),
(2325, '01', 19313, 0, '12644', 'Akers, Daniel P', 21, 30, 2),
(2326, '01L', 19313, 0, '12999', 'Miller, Nathan M', 14, 15, 0),
(2327, '02L', 19313, 0, '13000', 'Miller, Nathan M', 7, 15, 0),
(2328, '01', 19314, 0, '12645', 'Akers, Daniel P', 21, 30, 3),
(2329, '01L', 19314, 0, '13002', 'Miller, Nathan M', 14, 15, 0),
(2330, '02L', 19314, 0, '13004', 'Miller, Nathan M', 7, 15, 0),
(2331, '01', 19315, 0, '12646', 'Akers, Daniel P', 21, 30, 3),
(2332, '01L', 19315, 0, '13003', 'Miller, Nathan M', 14, 15, 0),
(2333, '02L', 19315, 0, '13007', 'Miller, Nathan M', 7, 15, 0),
(2334, '01', 19316, 0, '12895', 'Akers, Daniel P', 10, 27, 4),
(2335, '01', 19317, 0, '12837', 'Akers, Daniel P', 10, 24, 3),
(2336, '02L', 19317, 0, '13091', 'Akers, Daniel P', 10, 14, 0),
(2337, '01', 19318, 0, '12838', 'Akers, Daniel P', 10, 24, 3),
(2338, '02L', 19318, 0, '13093', 'Akers, Daniel P', 10, 14, 0),
(2339, '01', 19319, 0, '12839', 'Akers, Daniel P', 10, 24, 2),
(2340, '02L', 19319, 0, '13095', 'Akers, Daniel P', 10, 14, 0),
(2341, '01', 19320, 0, '10886', 'Jones, Graham', 15, 40, 3),
(2342, '01L', 19320, 0, '13538', 'Jones, Graham', 12, 12, 0),
(2343, '02', 19320, 0, '11969', 'Jones, Graham', 30, 40, 3),
(2344, '02L', 19320, 0, '10887', 'Hicks, William R', 14, 12, 0),
(2345, '03', 19320, 0, '14611', 'Jones, Graham', 36, 40, 3),
(2346, '03L', 19320, 0, '11126', 'Jones, Graham', 10, 12, 0),
(2347, '04L', 19320, 0, '11825', 'Jones, Graham', 13, 12, 0),
(2348, '05L', 19320, 0, '13539', 'Hicks, William R', 10, 12, 0),
(2349, '06L', 19320, 0, '13563', 'Jones, Graham', 12, 12, 0),
(2350, '08L', 19320, 0, '13726', 'Jones, Graham', 10, 12, 0),
(2351, '01', 19321, 0, '10889', 'Heckerman, Matthew L', 24, 30, 3),
(2352, '01L', 19321, 0, '10890', 'Heckerman, Matthew L', 9, 12, 0),
(2353, '02', 19321, 0, '13228', 'Heckerman, Matthew L', 14, 30, 3),
(2354, '02L', 19321, 0, '13540', 'Shackelford, Murray D', 5, 12, 0),
(2355, '03L', 19321, 0, '13541', 'Shackelford, Murray D', 10, 12, 0),
(2356, '04L', 19321, 0, '10891', 'Shackelford, Murray D', 4, 12, 0),
(2357, '05L', 19321, 0, '10892', 'Shackelford, Murray D', 10, 12, 0),
(2358, '01', 19322, 0, '10893', 'Vair, William S', 30, 30, 3),
(2359, '01L', 19322, 0, '10894', 'Vair, William S', 11, 12, 0),
(2360, '02', 19322, 0, '11117', 'Vair, William S', 22, 30, 3),
(2361, '02L', 19322, 0, '10895', 'Vair, William S', 9, 12, 0),
(2362, '03', 19322, 0, '13542', 'Vair, William S', 10, 30, 3),
(2363, '03L', 19322, 0, '10896', 'MacLean, Andrew P', 9, 12, 0),
(2364, '04L', 19322, 0, '10897', 'MacLean, Andrew P', 8, 12, 0),
(2365, '08L', 19322, 0, '12050', 'Vair, William S', 13, 12, 0),
(2366, '09L', 19322, 0, '13727', 'MacLean, Andrew P', 12, 12, 0),
(2367, '01', 19323, 0, '10900', 'Scutt, John W', 32, 50, 4),
(2368, '01L', 19323, 0, '10902', 'Scutt, John W', 12, 12, 0),
(2369, '02', 19323, 0, '13229', 'Scutt, John W', 41, 50, 4),
(2370, '02L', 19323, 0, '13543', 'Scutt, John W', 10, 12, 0),
(2371, '03L', 19323, 0, '10903', 'Kidd, Joseph D', 12, 12, 0),
(2372, '05L', 19323, 0, '11125', 'Kidd, Joseph D', 9, 12, 0),
(2373, '06L', 19323, 0, '12375', 'Scutt, John W', 12, 12, 0),
(2374, '07L', 19323, 0, '12376', 'Scutt, John W', 8, 12, 0),
(2375, '08L', 19323, 0, '13359', 'Hicks, William R', 10, 12, 0),
(2376, '01', 19324, 0, '10904', 'Grabowski, Raymond S', 9, 15, 3),
(2377, '02', 19324, 0, '13996', 'Heckerman, Matthew L', 15, 15, 3),
(2378, '03', 19324, 0, '13997', 'Scutt, John W', 15, 15, 3),
(2379, '04', 19324, 0, '13998', 'Grabowski, Raymond S', 2, 15, 3),
(2380, '01', 19325, 0, '10959', 'Alexander, Ronald F', 22, 60, 1),
(2381, '02', 19325, 0, '13688', 'Alexander, Ronald F', 26, 60, 1),
(2382, '01', 19326, 0, '11826', 'Alexander, Ronald F', 18, 24, 3),
(2383, '01L', 19326, 0, '11827', 'Alexander, Ronald F', 7, 12, 0),
(2384, '02L', 19326, 0, '13774', 'Alexander, Ronald F', 11, 12, 0),
(2385, '01', 19327, 0, '10748', 'Wistrup, Gilbert M', 27, 40, 3),
(2386, '01L', 19327, 0, '10750', 'Tabolt, Ryan M', 12, 12, 0),
(2387, '02', 19327, 0, '13689', 'Wistrup, Gilbert M', 41, 40, 3),
(2388, '03L', 19327, 0, '11396', 'Tabolt, Ryan M', 12, 12, 0),
(2389, '06L', 19327, 0, '13777', 'Tabolt, Ryan M', 12, 12, 0),
(2390, '07L', 19327, 0, '13690', 'Tabolt, Ryan M', 12, 12, 0),
(2391, '08L', 19327, 0, '10753', 'Tabolt, Ryan M', 9, 12, 0),
(2392, '09L', 19327, 0, '13999', 'Tabolt, Ryan M', 11, 12, 0),
(2393, '01', 19328, 0, '12519', 'Grabowski, Raymond S', 6, 10, 3),
(2394, '01L', 19328, 0, '12520', 'Shackelford, Murray D', 6, 10, 0),
(2395, '01', 19329, 0, '10763', 'Maki, Loren A', 22, 30, 3),
(2396, '01L', 19329, 0, '11194', 'Maki, Loren A', 11, 12, 0),
(2397, '02', 19329, 0, '12051', 'Maki, Loren A', 26, 30, 3),
(2398, '02L', 19329, 0, '12232', 'Maki, Loren A', 9, 12, 0),
(2399, '03L', 19329, 0, '13691', 'MacLean, Andrew P', 11, 12, 0),
(2400, '04L', 19329, 0, '12233', 'Maki, Loren A', 12, 12, 0),
(2401, '06L', 19329, 0, '13779', 'Maki, Loren A', 5, 12, 0),
(2402, '01', 19330, 0, '10771', 'Heckerman, Matthew L', 31, 40, 3),
(2403, '01L', 19330, 0, '10772', 'MacLean, Andrew P', 12, 12, 0),
(2404, '02', 19330, 0, '14169', 'Heckerman, Matthew L', 22, 40, 3),
(2405, '02L', 19330, 0, '10776', 'MacLean, Andrew P', 11, 12, 0),
(2406, '03L', 19330, 0, '11195', 'Heckerman, Matthew L', 12, 12, 0),
(2407, '05L', 19330, 0, '14001', 'MacLean, Andrew P', 10, 12, 0),
(2408, '06L', 19330, 0, '12245', 'MacLean, Andrew P', 8, 12, 0),
(2409, '01', 19331, 0, '13725', 'Kidd, Joseph D', 12, 10, 1),
(2410, '02', 19331, 0, '13782', 'Kidd, Joseph D', 9, 10, 1),
(2411, '01', 19332, 0, '14888', 'Kidd, Joseph D', 9, 12, 3),
(2412, '01L', 19332, 0, '14889', 'Kidd, Joseph D', 9, 12, 0),
(2413, '01', 19333, 0, '14368', 'Wistrup, Gilbert M', 6, 24, 5),
(2414, '01L', 19333, 0, '14369', 'Wistrup, Gilbert M', 6, 12, 0),
(2415, '01', 19334, 0, '13340', 'Kidd, Joseph D', 31, 36, 4),
(2416, '01L', 19334, 0, '13341', 'Kidd, Joseph D', 12, 12, 0),
(2417, '01R', 19334, 0, '13342', 'Kidd, Joseph D', 31, 36, 0),
(2418, '02L', 19334, 0, '13623', 'Kidd, Joseph D', 8, 12, 0),
(2419, '03L', 19334, 0, '14796', 'Kidd, Joseph D', 11, 12, 0),
(2420, '01', 19335, 0, '14172', 'Wistrup, Gilbert M', 14, 18, 3),
(2421, '01L', 19335, 0, '14173', 'Wistrup, Gilbert M', 14, 18, 0),
(2422, '01', 19336, 0, '13343', 'Grabowski, Raymond S', 22, 20, 3),
(2423, '01L', 19336, 0, '13624', 'Polak, Matthew R', 3, 2, 0),
(2424, '02L', 19336, 0, '14664', 'Polak, Matthew R', 3, 2, 0),
(2425, '03L', 19336, 0, '14665', 'Polak, Matthew R', 3, 2, 0),
(2426, '04L', 19336, 0, '14667', 'Polak, Matthew R', 3, 2, 0),
(2427, '05L', 19336, 0, '14676', 'Polak, Matthew R', 3, 2, 0),
(2428, '06L', 19336, 0, '14673', 'Polak, Matthew R', 2, 2, 0),
(2429, '07L', 19336, 0, '14671', 'Polak, Matthew R', 2, 2, 0),
(2430, '08L', 19336, 0, '14669', 'Polak, Matthew R', 2, 2, 0),
(2431, '09L', 19336, 0, '14689', 'Polak, Matthew R', 1, 2, 0),
(2432, '01', 19337, 0, '13433', 'Alexander, Ronald F', 12, 12, 3),
(2433, '01L', 19337, 0, '13434', 'Alexander, Ronald F', 12, 12, 0),
(2434, '01', 19338, 0, '13438', 'Grabowski, Raymond S', 16, 24, 3),
(2435, '01L', 19338, 0, '13625', 'Polak, Matthew R', 1, 2, 0),
(2436, '02L', 19338, 0, '13965', 'Grabowski, Raymond S', 2, 2, 0),
(2437, '03L', 19338, 0, '14675', 'Polak, Matthew R', 2, 2, 0),
(2438, '04L', 19338, 0, '14666', 'Polak, Matthew R', 2, 2, 0),
(2439, '05L', 19338, 0, '14668', 'Polak, Matthew R', 3, 2, 0),
(2440, '06L', 19338, 0, '14674', 'Polak, Matthew R', 2, 2, 0),
(2441, '08L', 19338, 0, '14670', 'Polak, Matthew R', 2, 2, 0),
(2442, '09L', 19338, 0, '14690', 'Grabowski, Raymond S', 2, 2, 0),
(2443, '01', 19339, 0, '13439', 'Grabowski, Raymond S', 20, 20, 3),
(2444, '01L', 19339, 0, '13626', 'Shackelford, Murray D', 9, 10, 0),
(2445, '02L', 19339, 0, '13966', 'Shackelford, Murray D', 11, 10, 0),
(2446, '01', 19340, 0, '13622', 'Grabowski, Raymond S', 23, 30, 1),
(2447, 'PD1', 19341, 0, '14779', 'Grabowski, Raymond S', 4, 20, 12),
(2448, '01', 19342, 0, '14770', 'O''Grady, Dean P', 26, 40, 4),
(2449, '01L', 19342, 0, '14771', 'O''Grady, Dean P', 19, 20, 0),
(2450, '02L', 19342, 0, '14772', 'Bintz, Maggie', 7, 20, 0),
(2451, '01', 19343, 0, '12290', 'Hennigan, Kelly', 47, 45, 3),
(2452, '01L', 19343, 0, '12291', 'Hennigan, Kelly', 16, 15, 0),
(2453, '03L', 19343, 0, '12294', 'Hennigan, Kelly', 16, 15, 0),
(2454, '05L', 19343, 0, '12296', 'Hennigan, Kelly', 15, 15, 0),
(2455, '01', 19344, 0, '12854', 'Carl, Sarah J', 47, 60, 3),
(2456, '01L', 19344, 0, '12616', 'Crawford, Shirley E', 18, 20, 1),
(2457, '02', 19344, 0, '12614', 'Crawford, Shirley E', 35, 60, 3),
(2458, '02L', 19344, 0, '12767', 'Carl, Sarah J', 15, 20, 1),
(2459, '03', 19344, 0, '12615', 'Crawford, Shirley E', 32, 60, 3),
(2460, '03L', 19344, 0, '14256', 'Crawford, Shirley E', 11, 20, 1),
(2461, '04', 19344, 0, '12765', 'Carl, Sarah J', 25, 60, 3),
(2462, '04L', 19344, 0, '12867', 'Carl, Sarah J', 15, 20, 1),
(2463, '05L', 19344, 0, '12617', 'Crawford, Shirley E', 14, 20, 1),
(2464, '06L', 19344, 0, '12621', 'Jaconski, Chad', 9, 20, 1),
(2465, '07L', 19344, 0, '13968', 'Carl, Sarah J', 10, 20, 1),
(2466, '08L', 19344, 0, '12620', 'Crawford, Shirley E', 14, 20, 1),
(2467, '10L', 19344, 0, '12619', 'Crawford, Shirley E', 15, 20, 1),
(2468, 'OC1', 19344, 0, '14830', 'Jaconski, Chad', 15, 0, 3),
(2469, 'OC2', 19344, 0, '12618', 'Carl, Sarah J', 17, 0, 3),
(2470, 'OL1', 19344, 0, '12818', 'Jaconski, Chad', 15, 0, 1),
(2471, 'OL2', 19344, 0, '14424', 'Carl, Sarah J', 17, 0, 1),
(2472, '01', 19345, 0, '14627', 'Bintz, Maggie', 24, 25, 3),
(2473, '02', 19345, 0, '13646', 'O''Grady, Dean P', 24, 25, 3),
(2474, '01', 19346, 0, '10441', 'Bintz, Maggie', 50, 60, 4),
(2475, '01L', 19346, 0, '10683', 'Bintz, Maggie', 20, 20, 0),
(2476, '02', 19346, 0, '12707', 'O''Grady, Dean P', 58, 60, 4),
(2477, '02L', 19346, 0, '10684', 'O''Grady, Dean P', 19, 20, 0),
(2478, '03L', 19346, 0, '10686', 'O''Grady, Dean P', 19, 20, 0),
(2479, '04L', 19346, 0, '11619', 'Bintz, Maggie', 20, 20, 0),
(2480, '05L', 19346, 0, '10688', 'Bintz, Maggie', 19, 20, 0),
(2481, '06L', 19346, 0, '10689', 'Bintz, Maggie', 11, 20, 0),
(2482, '01', 19347, 0, '13309', 'Lotz, Shane', 10, 20, 3),
(2483, '01L', 19347, 0, '13310', 'Lotz, Shane', 10, 20, 0),
(2484, '01', 19348, 0, '13430', 'Lotz, Shane', 7, 20, 4),
(2485, '01L', 19348, 0, '13949', 'Lotz, Shane', 7, 20, 0),
(2486, '01', 19349, 0, '10459', 'Tice, Diane', 53, 60, 4),
(2487, '01L', 19349, 0, '10735', 'Rogers, Jan', 17, 20, 0),
(2488, '02', 19349, 0, '10461', 'Tice, Diane', 48, 80, 4),
(2489, '02L', 19349, 0, '13353', 'Lotz, Shane', 16, 20, 0),
(2490, '04L', 19349, 0, '10734', 'Carl, Sarah J', 21, 20, 0),
(2491, '05L', 19349, 0, '13548', 'Rogers, Jan', 11, 20, 0),
(2492, '06L', 19349, 0, '10733', 'Girt, Janis', 14, 20, 0),
(2493, '07L', 19349, 0, '13511', 'Girt, Janis', 7, 20, 0),
(2494, '08L', 19349, 0, '10736', 'Rogers, Jan', 15, 20, 0),
(2495, '01', 19350, 0, '13873', 'Tice, Diane', 28, 46, 4),
(2496, '01L', 19350, 0, '13874', 'Lotz, Shane', 14, 23, 0),
(2497, '02L', 19350, 0, '14090', 'Lotz, Shane', 14, 23, 0),
(2498, '01', 19351, 0, '14211', 'Rogers, Jan', 33, 40, 4),
(2499, '01L', 19351, 0, '14212', 'Rogers, Jan', 19, 20, 0),
(2500, '02L', 19351, 0, '14213', 'Rogers, Jan', 14, 20, 0),
(2501, 'LN1', 19352, 0, '13907', 'Tice, Diane', 22, 30, 3),
(2502, '01', 19353, 0, '11809', 'Pilewski, Thomas A', 31, 30, 3),
(2503, '02', 19353, 0, '11810', 'Johnson, Cydney', 32, 30, 3),
(2504, '03', 19353, 0, '11811', 'Tucker, Phyllis', 31, 30, 3),
(2505, '04', 19353, 0, '11812', 'Pilewski, Thomas A', 29, 30, 3),
(2506, '01', 19354, 0, '10299', 'Pilewski, Thomas A', 29, 30, 3),
(2507, '01', 19355, 0, '10267', 'Vosteen, Paul A', 34, 30, 3),
(2508, '02', 19355, 0, '10272', 'Fowler, Richard G', 25, 30, 3),
(2509, '03', 19355, 0, '11593', 'Fowler, Richard G', 27, 25, 3),
(2510, '01', 19356, 0, '13289', 'Sullivan, Judith A', 16, 20, 3),
(2511, '01', 19357, 0, '10252', 'Johnson, Cydney', 13, 30, 3),
(2512, '03', 19357, 0, '13427', 'Tucker, Phyllis', 23, 30, 3),
(2513, 'LN1', 19357, 0, '10255', 'Johnson, Cydney', 30, 30, 3),
(2514, '01', 19358, 0, '10260', 'Sullivan, Judith A', 25, 30, 3),
(2515, '02', 19358, 0, '10931', 'Sullivan, Judith A', 19, 30, 3),
(2516, '05', 19358, 0, '13428', 'Turner, Linda F', 28, 30, 3),
(2517, '07', 19358, 0, '12119', 'Tucker, Phyllis', 33, 30, 3),
(2518, 'LN1', 19358, 0, '12091', 'Sullivan, Judith A', 29, 20, 3),
(2519, '02', 19359, 0, '14107', 'Doyle, Melinda E', 18, 25, 3),
(2520, 'LN1', 19359, 0, '14009', 'Doyle, Melinda E', 20, 20, 3),
(2521, '01', 19360, 0, '12433', 'Vosteen, Paul A', 22, 30, 3),
(2522, '01', 19361, 0, '10251', 'Tucker, Phyllis', 20, 20, 3),
(2523, '01', 19362, 0, '10279', 'Muss, Alfred P', 7, 20, 3),
(2524, 'LN1', 19362, 0, '10282', 'Pilewski, Thomas A', 20, 20, 3),
(2525, '01', 19363, 0, '10309', 'Doyle, Melinda E', 20, 30, 3),
(2526, '02', 19363, 0, '13231', 'Doyle, Melinda E', 20, 20, 3),
(2527, '03', 19363, 0, '11033', 'Boyce, Sharon Y', 17, 30, 3),
(2528, '01', 19364, 0, '14758', 'Boyce, Sharon Y', 8, 30, 3),
(2529, '01', 19365, 0, '13098', 'Muss, Alfred P', 24, 20, 3),
(2530, '02', 19365, 0, '13497', 'Muss, Alfred P', 8, 20, 3),
(2531, '03', 19365, 0, '13609', 'Muss, Alfred P', 18, 20, 3),
(2532, '04', 19365, 0, '13466', 'Muss, Alfred P', 24, 20, 3),
(2533, '01', 19366, 0, '13866', 'Turner, Linda F', 16, 20, 3),
(2534, '02', 19366, 0, '13948', 'Turner, Linda F', 19, 20, 3),
(2535, '02', 19367, 0, '13867', 'Sullivan, Judith A', 24, 20, 3),
(2536, '01', 19368, 0, '13611', 'Johnson, Cydney', 18, 20, 3),
(2537, '01', 19369, 0, '14645', 'Pilewski, Thomas A', 16, 20, 3),
(2538, '01', 19370, 0, '14850', 'Bjork, Jason D', 21, 20, 3),
(2539, '01', 19371, 0, '13327', 'Scalzo, Christopher M', 32, 30, 3),
(2540, '01', 19372, 0, '14457', 'Turner, Linda F', 9, 20, 3),
(2541, '01', 19373, 0, '14010', 'Scalzo, Christopher M', 29, 30, 3),
(2542, '02', 19374, 0, '14601', 'Boyce, Sharon Y', 22, 20, 3),
(2543, '01', 19375, 0, '14373', 'Boyce, Sharon Y', 16, 20, 3),
(2544, 'LN1', 19376, 0, '14855', 'Johnson, Cydney', 5, 25, 3),
(2545, 'HY1', 19377, 0, '14659', 'Scalzo, Christopher M', 8, 20, 3),
(2546, '01', 19378, 0, '14618', 'Turner, Linda F', 7, 20, 3),
(2547, '01', 19379, 0, '10717', 'Giess, John', 9, 15, 1),
(2548, '03', 19379, 0, '10718', 'Giess, John', 8, 15, 1),
(2549, '07', 19379, 0, '11284', 'Baysal, Mehmet', 6, 15, 1),
(2550, '09', 19379, 0, '14014', 'Giess, John', 11, 15, 1),
(2551, '01', 19380, 0, '12605', 'Kelly, Brian J', 3, 20, 2),
(2552, '01L', 19380, 0, '12606', 'Kelly, Brian J', 3, 20, 0),
(2553, '01', 19381, 0, '12980', 'Baysal, Mehmet', 14, 30, 2),
(2554, '01L', 19381, 0, '12981', 'Baysal, Mehmet', 9, 15, 0),
(2555, '02L', 19381, 0, '12982', 'Baysal, Mehmet', 5, 15, 0),
(2556, '01', 19382, 0, '12668', 'Cavallero, Louis F', 11, 20, 3),
(2557, '01', 19383, 0, '12576', 'Pater, Wayne J', 6, 20, 3),
(2558, '01', 19384, 0, '12932', 'Felton, John D', 21, 40, 3),
(2559, '01', 19385, 0, '10381', 'McPike, Mark P', 56, 80, 3),
(2560, '01L', 19385, 0, '14257', 'McPike, Mark P', 15, 15, 1),
(2561, '03L', 19385, 0, '14258', 'McPike, Mark P', 11, 15, 1),
(2562, '04L', 19385, 0, '10396', 'Haber, Arthur', 10, 15, 1),
(2563, '05L', 19385, 0, '10400', 'McPike, Mark P', 12, 15, 1),
(2564, '06L', 19385, 0, '10398', 'Jaconski, Chad', 8, 15, 1),
(2565, '01', 19386, 0, '10383', 'Haber, Arthur', 29, 45, 3),
(2566, '01L', 19386, 0, '10403', 'Haber, Arthur', 14, 15, 1),
(2567, '02L', 19386, 0, '10401', 'Haber, Arthur', 15, 15, 1),
(2568, '01', 19387, 0, '13096', 'Haber, Arthur', 5, 20, 3),
(2569, '01L', 19387, 0, '13097', 'Haber, Arthur', 5, 20, 1),
(2570, '01', 19388, 0, '14765', 'McPike, Mark P', 9, 20, 3),
(2571, '01L', 19388, 0, '14766', 'McPike, Mark P', 9, 20, 1),
(2572, '01', 19389, 0, '10390', 'Haber, Arthur', 6, 6, 3),
(2573, '01L', 19389, 0, '10420', 'Haber, Arthur', 6, 6, 1),
(2574, '01', 19390, 0, '14479', 'Liu, Yea-Chyn', 30, 30, 3),
(2575, '04', 19390, 0, '14482', 'Lichoro, David', 20, 20, 3),
(2576, '05', 19390, 0, '14547', 'Lichoro, David', 28, 30, 3),
(2577, '06', 19390, 0, '14480', 'Huang, Hsiao-Ching', 29, 30, 3),
(2578, '07', 19390, 0, '14481', 'Cronn, Patrick J', 29, 30, 3),
(2579, '08', 19390, 0, '14660', 'Huang, Hsiao-Ching', 28, 30, 3),
(2580, '01', 19391, 0, '13198', 'Verity, James G', 17, 30, 3),
(2581, '02', 19391, 0, '13199', 'Marcoux, Richard', 16, 30, 3),
(2582, '01', 19392, 0, '13188', 'Lichoro, David', 8, 20, 3),
(2583, '02', 19392, 0, '13189', 'Sloan, Roberta H', 10, 20, 3),
(2584, '01', 19393, 0, '13063', 'Cronn, Patrick J', 18, 30, 3),
(2585, '01', 19394, 0, '13180', 'Marcoux, Richard', 17, 20, 3),
(2586, '02', 19394, 0, '13181', 'Marcoux, Richard', 7, 20, 3),
(2587, '01', 19395, 0, '13182', 'Sloan, Roberta H', 22, 20, 3),
(2588, '01', 19396, 0, '13072', 'Liu, Yea-Chyn', 8, 20, 3),
(2589, '01L', 19396, 0, '13073', 'Liu, Yea-Chyn', 8, 20, 0),
(2590, '01', 19397, 0, '14762', 'Klingaman, Stephen R', 15, 18, 3),
(2591, '01', 19398, 0, '13074', 'Cronn, Patrick J', 21, 20, 3),
(2592, '01L', 19398, 0, '13075', 'Cronn, Patrick J', 21, 20, 0),
(2593, '01', 19399, 0, '13282', 'Cronn, Patrick J', 8, 20, 3),
(2594, '01', 19400, 0, '13683', 'Verity, James G', 14, 30, 3),
(2595, '01', 19401, 0, '13076', 'Lichoro, David', 10, 20, 3),
(2596, '01', 19402, 0, '14363', 'Liu, Yea-Chyn', 6, 30, 3),
(2597, '01', 19403, 0, '14360', 'Sloan, Roberta H', 12, 20, 1),
(2598, '01', 19404, 0, '13324', 'Verity, James G', 16, 30, 3),
(2599, '01', 19405, 0, '13411', 'Marcoux, Richard', 5, 20, 3),
(2600, '01', 19406, 0, '13284', 'Klingaman, Stephen R', 15, 20, 3),
(2601, '01L', 19406, 0, '14361', 'Klingaman, Stephen R', 15, 20, 0),
(2602, '01', 19407, 0, '13276', 'Verity, James G', 6, 20, 3),
(2603, '01', 19408, 0, '13482', 'Liu, Yea-Chyn', 5, 20, 3),
(2604, 'LN1', 19409, 0, '13413', 'Sloan, Roberta H', 22, 24, 3),
(2605, 'PD1', 19410, 0, '13414', 'Sloan, Roberta H', 2, 0, 12),
(2606, '01', 19411, 0, '14887', 'Balstra, Donielle H', 32, 35, 3),
(2607, '02', 19411, 0, '14678', 'Balstra, Donielle H', 30, 35, 3),
(2608, '03', 19411, 0, '14597', 'Balstra, Donielle H', 30, 35, 3),
(2609, 'P2', 19411, 0, '14395', 'Armstrong-Seward, Clare', 15, 0, 3),
(2610, '01', 19412, 0, '14695', 'Armstrong, Steven J', 22, 35, 3),
(2611, '01', 19413, 0, '14153', 'Blakeslee, Mark D', 22, 24, 3),
(2612, '02', 19413, 0, '14520', 'Blakeslee, Mark D', 25, 24, 3),
(2613, '01', 19414, 0, '14657', 'Armstrong-Seward, Clare', 23, 24, 3),
(2614, '01', 19415, 0, '14154', 'Armstrong, Steven J', 29, 25, 3),
(2615, '02', 19415, 0, '14521', 'Armstrong, Steven J', 24, 25, 3),
(2616, '01', 19416, 0, '14396', 'Simone, Richard C', 24, 24, 3),
(2617, '02', 19416, 0, '14693', 'Culver, Robert W', 26, 24, 3),
(2618, '01', 19417, 0, '14699', 'Dober, Diane M', 36, 35, 3),
(2619, '01', 19418, 0, '14679', 'Zaspel, John H', 29, 35, 3),
(2620, '01', 19419, 0, '14397', 'Balstra, Donielle H', 30, 30, 3),
(2621, '01', 19420, 0, '14398', 'Tucker, Christina M', 30, 30, 3),
(2622, '01', 19421, 0, '14698', 'Balstra, Donielle H', 20, 35, 3),
(2623, '01', 19422, 0, '14399', 'Cary, Ronald I', 37, 35, 3),
(2624, '01', 19423, 0, '14522', 'Simone, Richard C', 17, 15, 1),
(2625, '02', 19423, 0, '14753', 'Simone, Richard C', 16, 15, 1),
(2626, 'NP1', 19424, 0, '14752', 'Armstrong-Seward, Clare', 13, 16, 15),
(2627, 'PD1', 19424, 0, '14478', 'Armstrong-Seward, Clare', 1, 8, 15),
(2628, '01', 19425, 0, '14176', 'Higgins, Justin', 27, 25, 3),
(2629, '01', 19426, 0, '14177', 'Lomanto, Melissa A', 18, 20, 2),
(2630, '01', 19427, 0, '14178', 'Moesch, Geoff B', 12, 20, 3),
(2631, '01', 19428, 0, '10095', 'Miller, Emilie V', 14, 25, 3),
(2632, '02', 19428, 0, '10096', 'Branca, Devon', 24, 25, 3),
(2633, '03', 19428, 0, '10098', 'Whitney, Mark R', 21, 25, 3),
(2634, '04', 19428, 0, '10100', 'Branca, Devon', 25, 25, 3),
(2635, '05', 19428, 0, '10101', 'Whitney, Mark R', 20, 25, 3),
(2636, '06', 19428, 0, '11014', 'Whitney, Mark R', 19, 25, 3),
(2637, '01', 19429, 0, '13918', 'Whitney, Mark R', 19, 30, 3),
(2638, '01', 19430, 0, '13461', 'Pisiak, Roxanna', 19, 25, 3),
(2639, '01', 19431, 0, '13754', 'Taborosi, Piroska M', 25, 25, 3),
(2640, '02', 19431, 0, '13756', 'Taborosi, Piroska M', 24, 25, 3),
(2641, '03', 19431, 0, '13762', 'Brady, Kira W', 25, 25, 3),
(2642, '04', 19431, 0, '13753', 'Chandler, Jacob D', 24, 25, 3),
(2643, '05', 19431, 0, '13757', 'Chandler, Jacob D', 20, 25, 3),
(2644, '10', 19431, 0, '13755', 'Lopez, Andres G', 23, 25, 3),
(2645, 'OC1', 19431, 0, '14882', 'Baggett, Jennifer J', 12, 0, 3),
(2646, 'OC2', 19431, 0, '14883', 'Keator, Rebeka L', 15, 0, 3),
(2647, '01', 19432, 0, '10051', 'Copland, Rachelann', 23, 25, 3),
(2648, '02', 19432, 0, '10040', 'Lopez, Andres G', 26, 25, 3),
(2649, '03', 19432, 0, '10052', 'Hogan, Daniel', 21, 25, 3),
(2650, '04', 19432, 0, '10053', 'Hogan, Daniel', 25, 25, 3),
(2651, '05', 19432, 0, '10056', 'Solomon, Robert C', 24, 25, 3),
(2652, '06', 19432, 0, '10057', 'Solomon, Robert C', 23, 25, 3),
(2653, '07', 19432, 0, '11094', 'Musante, Robert', 23, 25, 3),
(2654, '08', 19432, 0, '10085', 'Rowe, Douglas C', 20, 25, 3),
(2655, '09', 19432, 0, '10044', 'Keator, Rebeka L', 21, 25, 3),
(2656, '10', 19432, 0, '10045', 'Wright, Karen D', 23, 25, 3),
(2657, '11', 19432, 0, '10048', 'Pierie, Laura M', 26, 25, 3),
(2658, '12', 19432, 0, '10050', 'Sherry, Kenneth L', 23, 25, 3),
(2659, '13', 19432, 0, '10060', 'Gerken, Timothy', 22, 25, 3),
(2660, '14', 19432, 0, '10062', 'Gerken, Timothy', 24, 25, 3),
(2661, '15', 19432, 0, '10055', 'Branca, Devon', 25, 25, 3),
(2662, '17', 19432, 0, '10069', 'Gerken, Timothy', 23, 25, 3),
(2663, '18', 19432, 0, '13409', 'Pierie, Laura M', 26, 25, 3),
(2664, '19', 19432, 0, '11958', 'Musante, Robert', 23, 25, 3),
(2665, '20', 19432, 0, '10059', 'Parker, Sarah', 22, 25, 3),
(2666, '21', 19432, 0, '10077', 'Parker, Sarah', 19, 25, 3),
(2667, '22', 19432, 0, '11098', 'Plummer, Patricia L', 22, 25, 3),
(2668, '23', 19432, 0, '10066', 'Plummer, Patricia L', 22, 25, 3),
(2669, '24', 19432, 0, '14733', 'Wright, Karen D', 24, 25, 3),
(2670, '25', 19432, 0, '10080', 'Copland, Rachelann', 21, 25, 3),
(2671, 'OC2', 19432, 0, '14886', 'Lopez, Andres G', 5, 0, 3),
(2672, 'P1', 19432, 0, '10082', 'Pisiak, Roxanna', 15, 0, 3),
(2673, 'P2', 19432, 0, '10063', 'Sydoriw, Gregory W', 15, 0, 3),
(2674, 'P3', 19432, 0, '10042', 'Efimenko, Aron J', 15, 0, 3),
(2675, '01', 19433, 0, '10089', 'Lopez, Andres G', 35, 35, 3),
(2676, '02', 19433, 0, '10090', 'Fry, Victoria T', 32, 35, 3),
(2677, '03', 19433, 0, '10091', 'Branca, Devon', 33, 35, 3),
(2678, '04', 19433, 0, '10093', 'Sherry, Kenneth L', 25, 35, 3),
(2679, '06', 19433, 0, '13739', 'Sydoriw, Gregory W', 31, 35, 3),
(2680, '07', 19433, 0, '14049', 'Efimenko, Aron J', 24, 35, 3),
(2681, '01', 19434, 0, '12240', 'Brady, Kira W', 14, 25, 3),
(2682, '02', 19434, 0, '12457', 'Sydoriw, Gregory W', 13, 25, 3),
(2683, '01', 19435, 0, '13661', 'Efimenko, Aron J', 24, 25, 3),
(2684, 'HY1', 19436, 0, '13843', 'Efimenko, Aron J', 24, 25, 3),
(2685, 'LN1', 19436, 0, '12505', 'Pisiak, Roxanna', 26, 25, 3),
(2686, 'LN2', 19436, 0, '12979', 'Pisiak, Roxanna', 27, 25, 3),
(2687, '01', 19437, 0, '10203', 'O''Neil, Paul', 9, 16, 3),
(2688, '01L', 19437, 0, '13825', 'O''Neil, Paul', 9, 16, 1),
(2689, '01', 19438, 0, '10212', 'O''Neil, Paul', 2, 16, 3),
(2690, '01', 19439, 0, '14621', 'Lupino, Anthony', 17, 30, 4),
(2691, '01L', 19439, 0, '14622', 'Lupino, Anthony', 9, 10, 0),
(2692, '02L', 19439, 0, '14767', 'Lupino, Anthony', 8, 10, 0),
(2693, '01', 19440, 0, '14820', 'Beadle, Kerry J', 8, 10, 3),
(2694, '01L', 19440, 0, '14821', 'Beadle, Kerry J', 8, 10, 0),
(2695, '01', 19441, 0, '14691', 'Beadle, Kerry J', 6, 10, 4),
(2696, '01L', 19441, 0, '14692', 'Beadle, Kerry J', 6, 10, 0),
(2697, '01', 19442, 0, '14856', 'Beadle, Kerry J', 1, 1, 6),
(2698, '01L', 19442, 0, '14858', 'Beadle, Kerry J', 1, 5, 0),
(2699, '01', 19443, 0, '10374', 'Mooney, Charles S', 40, 80, 3),
(2700, '01L', 19443, 0, '10976', 'Mooney, Charles S', 9, 30, 0),
(2701, '02L', 19443, 0, '10977', 'Mooney, Charles S', 9, 20, 0),
(2702, '04L', 19443, 0, '10965', 'Mooney, Charles S', 22, 30, 0),
(2703, '01L', 19444, 0, '10325', 'Adams, Ashley E', 16, 25, 1),
(2704, '02L', 19444, 0, '10327', 'Adams, Ashley E', 13, 30, 1),
(2705, '01', 19445, 0, '10939', 'Bossard, Shawn', 20, 50, 1),
(2706, '01', 19446, 0, '13615', 'Bossard, Shawn', 14, 50, 1),
(2707, '01', 19447, 0, '12658', 'Adams, Ashley E', 27, 60, 3),
(2708, '01L', 19447, 0, '12659', 'Adams, Ashley E', 13, 30, 0),
(2709, '02L', 19447, 0, '12660', 'Adams, Ashley E', 14, 30, 0),
(2710, '01', 19448, 0, '10310', 'Johnson, Bill', 23, 50, 3),
(2711, '01', 19449, 0, '10317', 'Mooney, Charles S', 21, 60, 3),
(2712, '01L', 19449, 0, '10319', 'Mooney, Charles S', 18, 30, 0),
(2713, '02L', 19449, 0, '10322', 'Mooney, Charles S', 3, 30, 0),
(2714, 'NP1', 19450, 0, '13546', 'Hayes, Corey M', 1, 0, 4),
(2715, 'PD1', 19450, 0, '10979', 'Hayes, Corey M', 1, 15, 4),
(2716, 'PD2', 19450, 0, '14776', 'Mooney, Charles S', 7, 15, 4),
(2717, 'PD3', 19450, 0, '14803', 'Hayes, Corey M', 8, 0, 4),
(2718, '01', 19451, 0, '13771', 'Adams, Ashley E', 16, 15, 3),
(2719, '01L', 19451, 0, '13772', 'Adams, Ashley E', 8, 15, 0),
(2720, 'O2L', 19451, 0, '14903', 'Adams, Ashley E', 8, 0, 0),
(2721, '01', 19452, 0, '13544', 'Mooney, Charles S', 4, 15, 4),
(2722, '01L', 19452, 0, '13545', 'Mooney, Charles S', 4, 15, 0),
(2723, '01', 19453, 0, '10666', 'Baysal, Mehmet', 19, 45, 2),
(2724, '01L', 19453, 0, '10667', 'Baysal, Mehmet', 6, 15, 0),
(2725, '02L', 19453, 0, '14012', 'Baysal, Mehmet', 13, 15, 0),
(2726, '01', 19454, 0, '14356', 'Horst, Eugene', 7, 20, 2),
(2727, '01', 19455, 0, '14003', 'Ax, Charles J', 47, 48, 4),
(2728, '01L', 19455, 0, '14004', 'Ax, Charles J', 12, 12, 0),
(2729, '02L', 19455, 0, '14005', 'Ax, Charles J', 13, 12, 0),
(2730, '03L', 19455, 0, '14006', 'Ax, Charles J', 10, 12, 0),
(2731, '04L', 19455, 0, '14007', 'Ax, Charles J', 12, 12, 0),
(2732, '01', 19456, 0, '12540', 'Bach, Frederick W', 22, 30, 3),
(2733, '01L', 19456, 0, '12541', 'Bach, Frederick W', 9, 15, 0),
(2734, '03L', 19456, 0, '14653', 'Bach, Frederick W', 13, 15, 0),
(2735, 'PD1', 19457, 0, '14780', 'Bach, Frederick W', 17, 15, 4),
(2736, '01', 19458, 0, '14649', 'Ax, Charles J', 9, 16, 3),
(2737, '01L', 19458, 0, '14650', 'Ax, Charles J', 9, 16, 0),
(2738, 'OC1', 19459, 0, '14897', 'Borger, Roberta', 8, 0, 0),
(2739, 'OC1', 19460, 0, '14861', 'Borger, Roberta', 15, 0, 0),
(2740, 'OC2', 19460, 0, '14862', 'Borger, Roberta', 17, 0, 0),
(2741, 'OX1', 19460, 0, '14890', 'Borger, Roberta', 8, 0, 0),
(2742, 'OC1', 19461, 0, '14866', 'Baggett, Jennifer J', 14, 0, 0),
(2743, 'OC2', 19461, 0, '14867', 'Baggett, Jennifer J', 13, 0, 0),
(2744, 'OC1', 19462, 0, '14869', 'Baggett, Jennifer J', 5, 0, 0),
(2745, '01', 19463, 0, '14333', 'Nguyen, Nga', 22, 35, 3),
(2746, '02', 19463, 0, '14334', 'Nguyen, Nga', 34, 35, 3),
(2747, '03', 19463, 0, '14335', 'Nguyen, Nga', 28, 35, 3),
(2748, '01', 19464, 0, '14336', 'Nguyen, Nga', 26, 30, 3),
(2749, '02', 19464, 0, '14337', 'Nguyen, Nga', 14, 35, 3),
(2750, '01', 19465, 0, '13940', 'Pierie, Laura M', 18, 0, 1),
(2751, '01', 19466, 0, '10005', 'Loudis, Michael J', 13, 32, 4),
(2752, '01L', 19466, 0, '10016', 'Loudis, Michael J', 6, 16, 0),
(2753, '02L', 19466, 0, '10017', 'Loudis, Michael J', 7, 16, 0),
(2754, '01', 19467, 0, '14773', 'Milano, Robert', 7, 20, 2),
(2755, '01', 19468, 0, '14774', 'Milano, Robert', 6, 20, 3),
(2756, '01', 19469, 0, '14904', 'Baysal, Mehmet', 1, 0, 3),
(2757, '02', 19470, 0, '11304', 'Okereke, Victor I', 19, 50, 3),
(2758, '03', 19470, 0, '11305', 'Okereke, Victor I', 45, 50, 3),
(2759, '04', 19470, 0, '13535', 'Okereke, Victor I', 36, 50, 3),
(2760, '01', 19471, 0, '11306', 'Hennigan, Kelly', 10, 12, 3),
(2761, '03L', 19471, 0, '11311', 'Hennigan, Kelly', 5, 4, 0),
(2762, '05L', 19471, 0, '11310', 'Hennigan, Kelly', 5, 4, 0),
(2763, '01', 19472, 0, '13460', 'Hennigan, Kelly', 15, 35, 1),
(2764, '01', 19473, 0, '14404', 'Scalzo, Christopher M', 8, 20, 3),
(2765, '01', 19474, 0, '14161', 'Tucker, Phyllis', 14, 20, 3),
(2766, '01', 19475, 0, '14162', 'Scalzo, Christopher M', 4, 20, 3),
(2767, '01', 19476, 0, '14163', 'Boyce, Sharon Y', 11, 20, 1),
(2768, '01', 19477, 0, '11631', 'Okereke, Victor I', 28, 30, 3),
(2769, '01L', 19477, 0, '11770', 'Okereke, Victor I', 14, 15, 0),
(2770, '03L', 19477, 0, '13554', 'Okereke, Victor I', 14, 15, 0),
(2771, '01', 19478, 0, '13692', 'Dunn, Erin E', 92, 90, 3),
(2772, '01L', 19478, 0, '13693', 'Nyberg, Michelle', 9, 12, 0),
(2773, '02L', 19478, 0, '13694', 'Nyberg, Michelle', 10, 12, 0),
(2774, '03L', 19478, 0, '13695', 'Nyberg, Michelle', 11, 12, 0),
(2775, '04L', 19478, 0, '13696', 'Nyberg, Michelle', 10, 12, 0),
(2776, '05L', 19478, 0, '13697', 'Dunn, Erin E', 10, 12, 0),
(2777, '06L', 19478, 0, '13698', 'Nyberg, Michelle', 12, 12, 0),
(2778, '07L', 19478, 0, '13720', 'Dunn, Erin E', 11, 12, 0),
(2779, '08L', 19478, 0, '14249', 'Dunn, Erin E', 10, 12, 0),
(2780, '09L', 19478, 0, '14254', 'Dunn, Erin E', 9, 12, 0),
(2781, '01', 19479, 0, '13699', 'Dunn, Erin E', 7, 24, 3),
(2782, '01L', 19479, 0, '13700', 'Dunn, Erin E', 7, 12, 0),
(2783, '02L', 19480, 0, '10300', 'Gagliardi, Serafina M', 7, 12, 1),
(2784, '03L', 19480, 0, '10302', 'Gagliardi, Serafina M', 11, 12, 1),
(2785, '04L', 19480, 0, '13111', 'Gagliardi, Serafina M', 7, 12, 1),
(2786, '05L', 19480, 0, '13112', 'Gagliardi, Serafina M', 11, 12, 1),
(2787, '01', 19481, 0, '14204', 'Eklund, Lisa L', 14, 25, 4),
(2788, '01L', 19481, 0, '14203', 'Eklund, Lisa L', 14, 25, 0),
(2789, '01', 19482, 0, '13114', 'Day, Tiffany R', 32, 50, 3),
(2790, '01L', 19482, 0, '10280', 'Day, Tiffany R', 17, 25, 0),
(2791, '02', 19482, 0, '13459', 'Day, William E', 10, 25, 3),
(2792, '02L', 19482, 0, '12680', 'Gagliardi, Serafina M', 8, 25, 0),
(2793, '03L', 19482, 0, '13236', 'Seymour, Scott D', 5, 10, 0),
(2794, '04L', 19482, 0, '14677', 'Day, William E', 12, 25, 0),
(2795, '02', 19483, 0, '13505', 'Eklund, Lisa L', 3, 20, 4),
(2796, '02L', 19483, 0, '12723', 'Eklund, Lisa L', 3, 10, 0),
(2797, '03', 19483, 0, '13643', 'Holmes, Lewis', 4, 12, 4),
(2798, '03L', 19483, 0, '13130', 'Holmes, Lewis', 4, 12, 0),
(2799, '01', 19484, 0, '12543', 'Dunn, Erin E', 3, 35, 1),
(2800, '01L', 19484, 0, '12544', 'Dunn, Erin E', 3, 35, 0),
(2801, '01', 19485, 0, '12610', 'Day, William E', 5, 15, 4),
(2802, '01L', 19485, 0, '12611', 'Shantel, Erin M', 5, 15, 0),
(2803, '02', 19485, 0, '14268', 'Holmes, Lewis', 2, 15, 4),
(2804, '02L', 19485, 0, '13232', 'Holmes, Lewis', 2, 15, 0),
(2805, '01', 19486, 0, '13115', 'Eklund, Lisa L', 3, 15, 4),
(2806, '01L', 19486, 0, '13116', 'Eklund, Lisa L', 3, 15, 0),
(2807, '02', 19486, 0, '13644', 'Holmes, Lewis', 5, 15, 4),
(2808, '02L', 19486, 0, '13237', 'Holmes, Lewis', 5, 15, 0),
(2809, '01', 19487, 0, '12210', 'Day, William E', 108, 115, 3),
(2810, '01L', 19487, 0, '12212', 'Day, William E', 21, 18, 0),
(2811, '03L', 19487, 0, '12214', 'Day, William E', 17, 18, 0),
(2812, '04L', 19487, 0, '12317', 'Day, William E', 19, 18, 0),
(2813, '06L', 19487, 0, '13131', 'Day, William E', 17, 18, 0),
(2814, '07L', 19487, 0, '13263', 'Day, William E', 15, 18, 0),
(2815, '09L', 19487, 0, '13473', 'Day, William E', 19, 18, 0),
(2816, '01', 19488, 0, '10987', 'Mazza, Michael L', 51, 70, 2),
(2817, '02', 19488, 0, '13234', 'Wimmer, Cole F', 50, 70, 2),
(2818, '01', 19489, 0, '12530', 'Mazza, Michael L', 2, 25, 2),
(2819, '01', 19490, 0, '10304', 'Day, Tiffany R', 80, 90, 3),
(2820, '01L', 19490, 0, '10268', 'Day, Tiffany R', 29, 30, 0),
(2821, '02L', 19490, 0, '10270', 'Day, Tiffany R', 29, 30, 0),
(2822, '03L', 19490, 0, '13627', 'Day, Tiffany R', 22, 30, 0),
(2823, '01', 19491, 0, '10986', 'Cranwell, Clyde D', 84, 120, 1),
(2824, 'PD1', 19492, 0, '14781', 'Eklund, Lisa L', 2, 15, 4),
(2825, 'PD3', 19492, 0, '14783', 'Cranwell, Clyde D', 2, 0, 4),
(2826, '01', 19493, 0, '12534', 'Day, Tiffany R', 36, 40, 3),
(2827, '01L', 19493, 0, '12535', 'Day, Tiffany R', 36, 40, 0),
(2828, '01', 19494, 0, '12806', 'Hayes, Corey M', 37, 50, 3),
(2829, '01L', 19495, 0, '12580', 'Day, William E', 11, 20, 1),
(2830, '01', 19496, 0, '14578', 'Morgan-Paugh, Erin E', 16, 50, 4),
(2831, '01L', 19496, 0, '14628', 'Morgan-Paugh, Erin E', 16, 50, 0),
(2832, '01', 19497, 0, '12581', 'Day, William E', 11, 20, 3),
(2833, '01L', 19497, 0, '12582', 'Shantel, Erin M', 11, 20, 0),
(2834, '01', 19498, 0, '14629', 'Morgan-Paugh, Erin E', 9, 50, 4),
(2835, '01L', 19498, 0, '14630', 'Morgan-Paugh, Erin E', 9, 50, 0),
(2836, 'PD1', 19499, 0, '13302', 'Eklund, Lisa L', 3, 15, 15),
(2837, 'PD2', 19499, 0, '13304', 'Day, Tiffany R', 3, 0, 15),
(2838, 'PD3', 19499, 0, '14792', 'Morgan-Paugh, Erin E', 4, 0, 15),
(2839, 'PD4', 19499, 0, '14795', 'Cranwell, Clyde D', 2, 0, 15),
(2840, 'PD5', 19499, 0, '14806', 'Day, William E', 1, 1, 15),
(2841, '01', 19500, 0, '10283', 'Cluff, Keith A', 1, 20, 5),
(2842, '02', 19500, 0, '14764', 'Cranwell, Clyde D', 13, 20, 5),
(2843, '02L', 19500, 0, '13817', 'Cranwell, Clyde D', 14, 10, 0),
(2844, '01', 19501, 0, '14260', 'Cranwell, Clyde D', 14, 20, 4),
(2845, '01', 19502, 0, '12285', 'Cranwell, Clyde D', 2, 12, 4),
(2846, '01L', 19502, 0, '12286', 'Cranwell, Clyde D', 2, 12, 0),
(2847, '01', 19503, 0, '13022', 'Cranwell, Clyde D', 2, 10, 4),
(2848, '02L', 19503, 0, '14589', 'Cranwell, Clyde D', 2, 20, 0),
(2849, '01', 19504, 0, '13745', 'Sanders, Stephen D', 65, 65, 4),
(2850, '01', 19505, 0, '13839', 'Sanders, Stephen D', 53, 60, 1),
(2851, '01', 19506, 0, '13826', 'Sanders, Stephen D', 51, 50, 1),
(2852, '01', 19507, 0, '13827', 'Sanders, Stephen D', 29, 38, 3),
(2853, '01', 19508, 0, '13828', 'Sanders, Stephen D', 19, 10, 2),
(2854, '01', 19509, 0, '12129', 'Felton, John D', 12, 36, 3),
(2855, '02L', 19509, 0, '12764', 'Felton, John D', 5, 12, 0),
(2856, '03L', 19509, 0, '14352', 'Felton, John D', 7, 12, 0),
(2857, '01', 19510, 0, '10132', 'Lupino, Anthony', 11, 40, 3),
(2858, '04L', 19510, 0, '14105', 'Lupino, Anthony', 11, 10, 0),
(2859, '01', 19511, 0, '10205', 'Lupino, Anthony', 24, 50, 1),
(2860, '01', 19512, 0, '10188', 'Johnson, Joan M', 16, 25, 2),
(2861, '01', 19513, 0, '10187', 'Beadle, Kerry J', 13, 24, 4),
(2862, '02L', 19513, 0, '11183', 'Beadle, Kerry J', 13, 15, 0),
(2863, '01', 19514, 0, '14152', 'Levinsohn, Alan M', 35, 35, 3),
(2864, 'G1', 19515, 0, '13241', 'Riedi, Cynthia C', 19, 20, 2),
(2865, 'G10', 19515, 0, '14723', 'Schwan, Kelsey U', 19, 20, 2),
(2866, 'G11', 19515, 0, '14724', 'Payette, Patricia', 22, 20, 2),
(2867, 'G12', 19515, 0, '14725', 'Sullivan, Judith A', 19, 20, 2),
(2868, 'G13', 19515, 0, '14726', 'Pilewski, Thomas A', 22, 20, 2),
(2869, 'G14', 19515, 0, '14727', 'Beebe, Robert R', 19, 20, 2),
(2870, 'G15', 19515, 0, '14728', 'Stasko, Elisha J', 16, 20, 2),
(2871, 'G16', 19515, 0, '14729', 'Weiss, Kathleen D', 20, 20, 2),
(2872, 'G17', 19515, 0, '14730', 'Armstrong, Lakeisha M', 20, 20, 2),
(2873, 'G18', 19515, 0, '14731', 'Rizzo, Julia E', 20, 20, 2),
(2874, 'G19', 19515, 0, '14734', 'Cornelius, Marsha L', 21, 20, 2),
(2875, 'G2', 19515, 0, '11936', 'Eddy, Jennifer L', 20, 20, 2),
(2876, 'G20', 19515, 0, '12170', 'Tucker, Phyllis', 21, 20, 2),
(2877, 'G21', 19515, 0, '14717', 'Lopez, Andres G', 20, 20, 2),
(2878, 'G22', 19515, 0, '11935', 'Fry, Victoria T', 18, 20, 2),
(2879, 'G23', 19515, 0, '11930', 'Kidd, Joseph D', 20, 20, 2),
(2880, 'G24', 19515, 0, '12411', 'Symonds, David', 18, 20, 2),
(2881, 'G25', 19515, 0, '11934', 'Hall, Taylor D', 20, 20, 2),
(2882, 'G26', 19515, 0, '11937', 'Wiley, Shannon L', 21, 20, 2),
(2883, 'G27', 19515, 0, '11941', 'Wallace, Frederick R', 20, 20, 2),
(2884, 'G3', 19515, 0, '11944', 'Alexander, Ronald F', 22, 20, 2),
(2885, 'G4', 19515, 0, '11960', 'Kusmirek, Walter L', 15, 20, 2),
(2886, 'G5', 19515, 0, '14718', 'Roback, Barbara A', 18, 20, 2),
(2887, 'G7', 19515, 0, '14720', 'Muss, Alfred P', 18, 20, 2),
(2888, 'G8', 19515, 0, '14721', 'Felton, John D', 18, 20, 2),
(2889, 'OC2', 19515, 0, '11939', 'Turner, Linda F', 14, 0, 2),
(2890, 'OC3', 19515, 0, '14836', 'Godfrey, Michael J', 11, 0, 2),
(2891, 'OC4', 19515, 0, '14837', 'Herz, Ursula M', 15, 0, 2),
(2892, 'G6', 19516, 0, '14719', 'Noyes, Spencer', 20, 20, 2),
(2893, 'G9', 19516, 0, '14722', 'Johnson, Cydney', 18, 20, 2),
(2894, '01', 19517, 0, '10638', 'Barth, Timothy S', 22, 0, 1),
(2895, '02', 19517, 0, '13637', 'Corpin, Owen D', 23, 0, 1),
(2896, '03', 19517, 0, '12572', 'Armstrong, Lakeisha M', 27, 0, 1),
(2897, '06', 19517, 0, '11773', 'Voce, Kevin M', 18, 0, 1),
(2898, '07', 19517, 0, '10640', 'Pierie, Laura M', 11, 0, 1),
(2899, '01', 19518, 0, '12412', 'Lawhorne, Stephanie', 8, 25, 1),
(2900, 'LN1', 19519, 0, '14615', 'Lawhorne, Stephanie', 10, 10, 1),
(2901, 'LN1', 19520, 0, '14619', 'Lawhorne, Stephanie', 1, 0, 1),
(2902, '01', 19521, 0, '14306', 'Hogle, John T', 33, 35, 3),
(2903, '03', 19521, 0, '14308', 'Yardley, Terrance A', 33, 35, 3),
(2904, '04', 19521, 0, '14625', 'Hogle, John T', 32, 35, 3),
(2905, '01', 19522, 0, '14309', 'Levinsohn, Alan M', 35, 35, 3),
(2906, '02', 19522, 0, '14310', 'Yardley, Terrance A', 28, 35, 3),
(2907, '03', 19522, 0, '14315', 'Hogle, John T', 27, 35, 3),
(2908, 'P1', 19522, 0, '14311', 'Levinsohn, Alan M', 15, 0, 3),
(2909, '02', 19523, 0, '14314', 'Rhodes, Jacklyn P', 35, 35, 3),
(2910, '04', 19523, 0, '14365', 'Rhodes, Jacklyn P', 33, 35, 3),
(2911, '05', 19523, 0, '14407', 'Hogle, John T', 34, 35, 3),
(2912, '03', 19524, 0, '14317', 'Hines, David V', 34, 35, 3),
(2913, '01', 19525, 0, '14319', 'Hines, David V', 29, 35, 3),
(2914, '02', 19525, 0, '14320', 'Hines, David V', 28, 35, 3),
(2915, '03', 19525, 0, '14341', 'Hogle, John T', 29, 35, 3),
(2916, '01', 19526, 0, '14339', 'Fry, Victoria T', 13, 30, 3),
(2917, '01', 19527, 0, '14340', 'Levinsohn, Alan M', 12, 25, 3),
(2918, '01', 19528, 0, '10405', 'Soucy, David S', 31, 60, 3),
(2919, '01L', 19528, 0, '10449', 'Soucy, David S', 16, 15, 0),
(2920, '02L', 19528, 0, '10446', 'Soucy, David S', 15, 15, 0),
(2921, '01', 19529, 0, '10949', 'Brackett, Douglas R', 3, 12, 3),
(2922, '01L', 19529, 0, '10950', 'Brackett, Douglas R', 3, 12, 0),
(2923, '01', 19530, 0, '14585', 'Soucy, David S', 3, 15, 3),
(2924, '01L', 19530, 0, '14586', 'Soucy, David S', 3, 15, 0),
(2925, '01', 19531, 0, '11260', 'Brackett, Douglas R', 24, 25, 3),
(2926, '01L', 19531, 0, '11410', 'Olinski, Adam J', 12, 20, 0),
(2927, '02L', 19531, 0, '11261', 'Olinski, Adam J', 12, 20, 0),
(2928, '01', 19532, 0, '14569', 'Soucy, David S', 24, 25, 2),
(2929, '01L', 19532, 0, '14571', 'Soucy, David S', 24, 24, 0),
(2930, '01', 19533, 0, '10408', 'Soucy, David S', 5, 20, 3),
(2931, '01L', 19533, 0, '10465', 'Soucy, David S', 5, 20, 0),
(2932, '01', 19534, 0, '10387', 'Hennigan, Kelly', 9, 24, 3),
(2933, '01L', 19534, 0, '10452', 'Hennigan, Kelly', 9, 24, 0),
(2934, 'PD1', 19535, 0, '14784', 'Hennigan, Kelly', 1, 15, 4),
(2935, '01', 19536, 0, '14574', 'Soucy, David S', 6, 25, 2),
(2936, '01', 19537, 0, '14639', 'Hennigan, Kelly', 4, 15, 1),
(2937, '01', 19538, 0, '14576', 'Soucy, David S', 5, 25, 2),
(2938, 'PD1', 19539, 0, '14640', 'Hennigan, Kelly', 1, 0, 15),
(2939, '01', 19540, 0, '14206', 'Gantt, Saundra Y', 29, 30, 4),
(2940, '01L', 19540, 0, '14207', 'Gantt, Saundra Y', 19, 20, 0),
(2941, '02', 19540, 0, '14359', 'Kane, Kristen L', 28, 30, 4),
(2942, '02L', 19540, 0, '14208', 'Gantt, Saundra Y', 19, 20, 0),
(2943, '03L', 19540, 0, '14248', 'Kane, Kristen L', 19, 20, 0),
(2944, '01', 19541, 0, '14106', 'Kane, Kristen L', 10, 30, 1),
(2945, '01', 19542, 0, '14379', 'Cardinal, Sharon L', 20, 30, 4),
(2946, '01L', 19542, 0, '14380', 'Cardinal, Sharon L', 20, 30, 0),
(2947, '01', 19543, 0, '13945', 'Kane, Kristen L', 7, 20, 3),
(2948, '01', 19544, 0, '13938', 'Cardinal, Sharon L', 9, 20, 4),
(2949, '01L', 19544, 0, '13939', 'Cardinal, Sharon L', 9, 20, 0),
(2950, 'NP1', 19545, 0, '14742', 'Kane, Kristen L', 6, 15, 1),
(2951, '01', 19546, 0, '13935', 'Kane, Kristen L', 11, 20, 3),
(2952, '01', 19547, 0, '13936', 'Kane, Kristen L', 8, 20, 3),
(2953, 'NP1', 19548, 0, '14130', 'Cardinal, Sharon L', 2, 10, 3),
(2954, '01', 19549, 0, '13937', 'Cardinal, Sharon L', 11, 20, 3),
(2955, 'NP1', 19550, 0, '14264', 'Kane, Kristen L', 5, 10, 6),
(2956, '01', 19551, 0, '14846', 'Mansfield, Sara A', 19, 30, 3),
(2957, '01', 19552, 0, '10511', 'Kelley, Michael', 18, 60, 3),
(2958, '01', 19553, 0, '10532', 'Howell-Collins, Marti C', 19, 30, 3),
(2959, '03L', 19553, 0, '10526', 'Kelley, Michael', 10, 15, 0),
(2960, '05L', 19553, 0, '10529', 'Kelley, Michael', 9, 15, 0),
(2961, '01L', 19554, 0, '10536', 'Howell-Collins, Marti C', 7, 30, 1),
(2962, '03L', 19554, 0, '10514', 'Lamb, Wade B', 14, 30, 1),
(2963, '01', 19555, 0, '13401', 'Howell-Collins, Marti C', 8, 25, 3),
(2964, '01L', 19555, 0, '13402', 'Howell-Collins, Marti C', 8, 25, 0),
(2965, '01', 19556, 0, '12565', 'Kelley, Michael', 7, 25, 3),
(2966, '01L', 19556, 0, '14624', 'Kelley, Michael', 7, 25, 0),
(2967, '01L', 19557, 0, '10539', 'Howell-Collins, Marti C', 5, 20, 1),
(2968, '03L', 19558, 0, '14533', 'Lamb, Wade B', 11, 15, 1),
(2969, '01', 19559, 0, '14769', 'Charles, Merrill B', 5, 16, 3),
(2970, '01', 19560, 0, '14353', 'Lamb, Wade B', 6, 15, 3),
(2971, 'LN1', 19561, 0, '14405', 'Howell-Collins, Marti C', 2, 20, 3),
(2972, '01L', 19562, 0, '14355', 'Howell-Collins, Marti C', 3, 20, 1),
(2973, '01L', 19563, 0, '14250', 'Charles, Merrill B', 5, 24, 2),
(2974, 'NP1', 19564, 0, '14151', 'Howell-Collins, Marti C', 1, 0, 12),
(2975, '01', 19565, 0, '14750', 'Charles, Merrill B', 3, 16, 3),
(2976, '01L', 19566, 0, '14235', 'Howell-Collins, Marti C', 4, 20, 1),
(2977, '01', 19567, 0, '13129', 'Sydoriw, Gregory W', 23, 25, 3),
(2978, '01', 19568, 0, '12345', 'Pierie, Laura M', 23, 25, 3),
(2979, '01', 19569, 0, '12589', 'Ward, Terrence L', 21, 25, 3),
(2980, '02', 19569, 0, '12590', 'Uhlig, Karen', 24, 25, 3),
(2981, '03', 19569, 0, '12591', 'Ward, Terrence L', 23, 25, 3),
(2982, '04', 19569, 0, '12592', 'Netzband, Rachel H', 24, 25, 3),
(2983, '05', 19569, 0, '12593', 'Uhlig, Karen', 27, 25, 3),
(2984, '07', 19569, 0, '12595', 'Van Waes, Mary S', 27, 25, 3),
(2985, '08', 19569, 0, '12596', 'Van Waes, Mary S', 25, 25, 3),
(2986, '09', 19569, 0, '12597', 'Kimber, Thomas', 28, 25, 3),
(2987, '10', 19569, 0, '12598', 'McLean, Jeanmarie J', 30, 25, 3),
(2988, '11', 19569, 0, '12662', 'Netzband, Rachel H', 24, 25, 3),
(2989, '12', 19569, 0, '12666', 'Eddy, Jennifer L', 25, 25, 3),
(2990, '13', 19569, 0, '12674', 'Kimber, Thomas', 29, 25, 3),
(2991, '14', 19569, 0, '12850', 'Van Waes, Mary S', 27, 25, 3),
(2992, '15', 19569, 0, '12851', 'Ward, Terrence L', 21, 25, 3),
(2993, '16', 19569, 0, '12852', 'McLean, Jeanmarie J', 22, 25, 3),
(2994, '17', 19569, 0, '13842', 'Ward, Terrence L', 27, 25, 3),
(2995, '22', 19569, 0, '14119', 'Eddy, Jennifer L', 27, 25, 3),
(2996, '23', 19569, 0, '14831', 'Van Waes, Mary S', 15, 25, 3),
(2997, '01', 19570, 0, '13306', 'Cwikla, Angela M', 6, 25, 3),
(2998, '01', 19571, 0, '13307', 'Zbock, Laurie A', 6, 25, 4),
(2999, '01', 19572, 0, '13431', 'Cwikla, Angela M', 6, 28, 4),
(3000, '01L', 19572, 0, '13715', 'Zbock, Laurie A', 6, 14, 0),
(3001, '01', 19573, 0, '13911', 'Cwikla, Angela M', 6, 28, 4),
(3002, '01L', 19573, 0, '13432', 'Cwikla, Angela M', 6, 14, 0),
(3003, '01', 19574, 0, '13485', 'Cwikla, Angela M', 6, 28, 1),
(3004, '01', 19575, 0, '11223', 'Kimber, Thomas', 24, 25, 3),
(3005, '02', 19575, 0, '11224', 'O''Neil, Paul', 24, 25, 3),
(3006, '03', 19575, 0, '11225', 'Kimber, Thomas', 26, 25, 3),
(3007, '04', 19575, 0, '11226', 'Oursler White, Brenda', 20, 25, 3),
(3008, '05', 19575, 0, '11227', 'Van Waes, Mary S', 23, 25, 3),
(3009, '06', 19575, 0, '11229', 'Kimber, Karin', 25, 25, 3),
(3010, '07', 19575, 0, '11230', 'Elko, Patricia', 22, 25, 3),
(3011, '08', 19575, 0, '11232', 'Elko, Patricia', 22, 25, 3),
(3012, '09', 19575, 0, '11231', 'Ward, Terrence L', 19, 25, 3),
(3013, '10', 19575, 0, '12814', 'Kimber, Karin', 24, 25, 3),
(3014, '12', 19575, 0, '11234', 'Oursler White, Brenda', 19, 25, 3),
(3015, '13', 19575, 0, '11235', 'Kimber, Karin', 24, 25, 3),
(3016, 'OC1', 19575, 0, '11236', 'O''Neil, Paul', 12, 0, 3),
(3017, '01', 19576, 0, '11237', 'Berge, Kim', 24, 25, 3),
(3018, '02', 19576, 0, '11242', 'Berge, Kim', 25, 25, 3),
(3019, '03', 19576, 0, '11239', 'Oursler White, Brenda', 22, 25, 3),
(3020, '04', 19576, 0, '11847', 'Oursler White, Brenda', 22, 25, 3),
(3021, 'OC1', 19576, 0, '14832', 'Berge, Kim', 7, 0, 3),
(3022, '01', 19577, 0, '14104', 'Berge, Kim', 14, 20, 3),
(3023, '01', 19578, 0, '13270', 'Eddy, Jennifer L', 23, 25, 3),
(3024, '01', 19579, 0, '10343', 'Eddy, Jennifer L', 18, 25, 3),
(3025, '02', 19579, 0, '11690', 'Eddy, Jennifer L', 17, 25, 3),
(3026, 'OC1', 19579, 0, '14833', 'Kimber, Karin', 16, 0, 3),
(3027, '01', 19580, 0, '10347', 'Elko, Patricia', 20, 25, 3),
(3028, 'OC1', 19580, 0, '14834', 'Elko, Patricia', 5, 0, 3),
(3029, '01', 19581, 0, '10348', 'Elko, Patricia', 4, 27, 3),
(3030, '01', 19582, 0, '14523', 'Kimber, Thomas', 9, 25, 3),
(3031, '01', 19583, 0, '10350', 'Oursler White, Brenda', 5, 25, 4),
(3032, '01', 19584, 0, '10351', 'Kimber, Karin', 8, 20, 4),
(3033, '01', 19585, 0, '11828', 'Milano, Robert', 16, 36, 3),
(3034, '01L', 19585, 0, '11829', 'Milano, Robert', 7, 10, 0),
(3035, '02L', 19585, 0, '11830', 'Giess, John', 9, 12, 0),
(3036, '01', 19586, 0, '13242', 'Horst, Eugene', 6, 30, 3),
(3037, '01', 19587, 0, '11245', 'Milano, Robert', 9, 36, 4),
(3038, '01L', 19587, 0, '11249', 'Milano, Robert', 4, 12, 0),
(3039, '02L', 19587, 0, '11247', 'Milano, Robert', 5, 12, 0),
(3040, '01', 19588, 0, '13566', 'Horst, Eugene', 8, 20, 3),
(3041, '01L', 19588, 0, '13567', 'Giess, John', 4, 7, 0),
(3042, '02L', 19588, 0, '13568', 'Giess, John', 4, 7, 0),
(3043, '01', 19589, 0, '12084', 'Horst, Eugene', 7, 24, 3);
INSERT INTO `course_sections` (`id`, `name`, `course_id`, `courseterm_id`, `courseCRN`, `instructor`, `currentEnrollment`, `maxEnrollment`, `credits`) VALUES
(3044, '02L', 19589, 0, '12086', 'Giess, John', 7, 12, 0),
(3045, 'JZ1', 19590, 0, '12320', 'Fox, David N', 15, 20, 1),
(3046, 'JZ', 19591, 0, '12321', 'Fox, David N', 1, 20, 1),
(3047, 'JZ', 19592, 0, '10924', 'Fox, David N', 2, 20, 1),
(3048, '01', 19593, 0, '10653', 'Kelly, Brendan T', 29, 30, 3),
(3049, '02L', 19593, 0, '10656', 'Kelly, Brendan T', 15, 15, 0),
(3050, '03L', 19593, 0, '10657', 'Kelly, Brendan T', 14, 15, 0),
(3051, '01', 19594, 0, '10605', 'Snyder, William', 18, 30, 3),
(3052, '01', 19595, 0, '10639', 'Hargrave, J. R', 15, 30, 3),
(3053, '01L', 19595, 0, '10643', 'Hargrave, J. R', 9, 12, 0),
(3054, '02L', 19595, 0, '13628', 'Hargrave, J. R', 6, 12, 0),
(3055, '01', 19596, 0, '13450', 'Shayya, Walid', 18, 30, 3),
(3056, '01L', 19596, 0, '13451', 'Shayya, Walid', 13, 14, 0),
(3057, '02L', 19596, 0, '14735', 'Shayya, Walid', 5, 10, 0),
(3058, '01', 19597, 0, '12724', 'Kelly, Brendan T', 35, 30, 1),
(3059, '01', 19598, 0, '10617', 'Livengood, Elisa J', 5, 15, 3),
(3060, '01L', 19598, 0, '10626', 'Livengood, Elisa J', 5, 15, 0),
(3061, '01', 19599, 0, '10943', 'Livengood, Elisa J', 2, 16, 2),
(3062, '01', 19600, 0, '11487', 'Livengood, Elisa J', 7, 30, 1),
(3063, '01', 19601, 0, '10660', 'Hargrave, J. R', 20, 30, 3),
(3064, '01L', 19601, 0, '10661', 'Hargrave, J. R', 12, 13, 0),
(3065, '02L', 19601, 0, '10662', 'Hargrave, J. R', 8, 13, 0),
(3066, 'NP1', 19602, 0, '11128', 'Hargrave, J. R', 1, 0, 4),
(3067, 'PD1', 19602, 0, '14788', 'Hargrave, J. R', 2, 0, 4),
(3068, '01', 19603, 0, '10629', 'Snyder, William', 22, 40, 3),
(3069, '01L', 19603, 0, '10630', 'Snyder, William', 14, 15, 0),
(3070, '02L', 19603, 0, '10632', 'Snyder, William', 8, 15, 0),
(3071, '01', 19604, 0, '11488', 'Livengood, Elisa J', 2, 16, 1),
(3072, '01', 19605, 0, '12651', 'Zbock, Laurie A', 17, 20, 3),
(3073, '02', 19605, 0, '14798', 'Wood, Teri L', 12, 20, 3),
(3074, '01', 19606, 0, '14658', 'Stephenson, Jane E', 10, 20, 1),
(3075, '02', 19606, 0, '14812', 'Stephenson, Jane E', 10, 20, 1),
(3076, '01', 19607, 0, '11290', 'Stephenson, Jane E', 61, 63, 3),
(3077, '01L', 19607, 0, '11291', 'Knittel, Kathleen A', 7, 0, 0),
(3078, '02L', 19607, 0, '11293', 'Hiemer, Antonie', 7, 0, 0),
(3079, '03L', 19607, 0, '11295', 'Stephenson, Jane E', 7, 0, 0),
(3080, '04L', 19607, 0, '11297', 'Hiemer, Antonie', 6, 0, 0),
(3081, '05L', 19607, 0, '11299', 'Knittel, Kathleen A', 6, 0, 0),
(3082, '06L', 19607, 0, '11301', 'Jeffrey, Amelia M', 7, 0, 0),
(3083, '07L', 19607, 0, '11292', 'Knittel, Kathleen A', 7, 0, 0),
(3084, '08L', 19607, 0, '11294', 'Stephenson, Jane E', 7, 0, 0),
(3085, '10L', 19607, 0, '11296', 'Stephenson, Jane E', 7, 0, 0),
(3086, '01', 19608, 0, '10081', 'Stephenson, Jane E', 66, 63, 4),
(3087, '01L', 19608, 0, '10155', 'Hiemer, Antonie', 9, 0, 0),
(3088, '01R', 19608, 0, '14551', 'Graham, Carol A', 12, 0, 0),
(3089, '02L', 19608, 0, '10157', 'Stephenson, Jane E', 8, 0, 0),
(3090, '02R', 19608, 0, '14552', 'Caraher, Susan E', 2, 0, 0),
(3091, '03L', 19608, 0, '10161', 'Knittel, Kathleen A', 6, 0, 0),
(3092, '03R', 19608, 0, '14553', 'Graham, Carol A', 10, 0, 0),
(3093, '04L', 19608, 0, '10163', 'Jeffrey, Amelia M', 11, 0, 0),
(3094, '04R', 19608, 0, '14554', 'Schenk, Casey L', 8, 0, 0),
(3095, '05R', 19608, 0, '14555', 'Caraher, Susan E', 4, 0, 0),
(3096, '06L', 19608, 0, '10167', 'Stephenson, Jane E', 10, 0, 0),
(3097, '06R', 19608, 0, '14556', 'Caraher, Susan E', 8, 0, 0),
(3098, '07L', 19608, 0, '11840', 'Jeffrey, Amelia M', 8, 0, 0),
(3099, '07R', 19608, 0, '14557', 'Caraher, Susan E', 1, 0, 0),
(3100, '08L', 19608, 0, '13522', 'Hiemer, Antonie', 9, 0, 0),
(3101, '10R', 19608, 0, '14560', 'Caraher, Susan E', 9, 0, 0),
(3102, '11R', 19608, 0, '14561', 'Wood, Teri L', 12, 0, 0),
(3103, '01', 19609, 0, '14562', 'Gallogly, Shelia M', 46, 56, 9),
(3104, '01L', 19609, 0, '14024', 'McCarty, Barbara J', 7, 0, 0),
(3105, '01R', 19609, 0, '14563', 'Caraher, Susan E', 8, 0, 0),
(3106, '02L', 19609, 0, '14027', 'Matt, Brian', 8, 0, 0),
(3107, '02R', 19609, 0, '14564', 'Wood, Teri L', 8, 0, 0),
(3108, '04R', 19609, 0, '14566', 'Wood, Teri L', 8, 0, 0),
(3109, '05R', 19609, 0, '14567', 'Caraher, Susan E', 7, 0, 0),
(3110, '06R', 19609, 0, '14568', 'Caraher, Susan E', 8, 0, 0),
(3111, '07L', 19609, 0, '14035', 'Gallogly, Shelia M', 8, 0, 0),
(3112, '07R', 19609, 0, '14492', 'Caraher, Susan E', 7, 0, 0),
(3113, '08L', 19609, 0, '14036', 'Marris, Sonia M', 8, 0, 0),
(3114, '09L', 19609, 0, '14037', 'Marris, Sonia M', 8, 0, 0),
(3115, '10L', 19609, 0, '14038', 'Gallogly, Shelia M', 7, 0, 0),
(3116, 'LN1', 19610, 0, '14851', 'Gallogly, Shelia M', 17, 20, 1),
(3117, 'LN2', 19610, 0, '14852', 'Marris, Sonia M', 16, 20, 1),
(3118, 'LN3', 19610, 0, '14853', 'Gallogly, Shelia M', 14, 20, 1),
(3119, '01', 19611, 0, '10072', 'Trueworthy, Susan', 39, 44, 9),
(3120, '01L', 19611, 0, '10133', 'Schenk, Casey L', 8, 0, 0),
(3121, '02L', 19611, 0, '10125', 'Fitzgerald, Diana L', 7, 0, 0),
(3122, '06L', 19611, 0, '13792', 'Trueworthy, Susan', 8, 0, 0),
(3123, '08L', 19611, 0, '10114', 'Schenk, Casey L', 8, 0, 0),
(3124, '10L', 19611, 0, '10128', 'Trueworthy, Susan', 8, 0, 0),
(3125, '01', 19612, 0, '14039', 'Furco, Janet F', 43, 40, 8),
(3126, '02L', 19612, 0, '14042', 'Furco, Janet F', 8, 0, 0),
(3127, '03L', 19612, 0, '14043', 'Egert, Steven C', 7, 0, 0),
(3128, '04L', 19612, 0, '14242', 'Swartout, Norma J', 6, 0, 0),
(3129, '05L', 19612, 0, '14486', 'Furco, Janet F', 7, 0, 0),
(3130, '06L', 19612, 0, '14485', 'Swartout, Norma J', 9, 0, 0),
(3131, '07L', 19612, 0, '14044', 'Schenk, Casey L', 6, 0, 0),
(3132, 'HY1', 19613, 0, '14045', 'Furco, Janet F', 20, 20, 2),
(3133, 'HY2', 19613, 0, '14371', 'Swartout, Norma J', 20, 20, 2),
(3134, '02', 19614, 0, '10172', 'Boswell, Kelly A', 28, 30, 3),
(3135, '03', 19614, 0, '11589', 'Leamer, Sheila R', 27, 30, 3),
(3136, 'HY1', 19614, 0, '12976', 'Kelly, Erin K', 19, 24, 3),
(3137, '02', 19615, 0, '12766', 'Nicholson, Joan A', 29, 30, 3),
(3138, 'HY1', 19615, 0, '10192', 'St. Hilaire, Bonnie', 18, 20, 3),
(3139, '01', 19616, 0, '10196', 'St. Hilaire, Bonnie', 8, 20, 2),
(3140, '01', 19617, 0, '10194', 'Nicholson, Joan A', 9, 25, 3),
(3141, '01', 19618, 0, '10207', 'St. Hilaire, Bonnie', 9, 14, 2),
(3142, '01', 19619, 0, '14440', 'Nicholson, Joan A', 9, 14, 3),
(3143, '01R', 19619, 0, '14441', 'Nicholson, Joan A', 9, 16, 0),
(3144, '01', 19620, 0, '10199', 'St. Hilaire, Bonnie', 9, 14, 3),
(3145, '01L', 19620, 0, '10197', 'St. Hilaire, Bonnie', 4, 7, 0),
(3146, '02L', 19620, 0, '10200', 'St. Hilaire, Bonnie', 5, 7, 0),
(3147, '02', 19621, 0, '13837', 'Hoffmann, Susan M', 17, 25, 1),
(3148, 'LN1', 19621, 0, '13711', 'Hoffmann, Susan M', 31, 30, 1),
(3149, 'LN3', 19621, 0, '13901', 'Doyle, Melinda E', 18, 30, 1),
(3150, 'LN4', 19621, 0, '13895', 'Doyle, Melinda E', 6, 30, 1),
(3151, '02', 19622, 0, '12522', 'Hoffmann, Susan M', 21, 20, 1),
(3152, '01', 19623, 0, '13709', 'Hoffmann, Susan M', 20, 25, 1),
(3153, 'LN1', 19623, 0, '13899', 'Doyle, Melinda E', 25, 30, 1),
(3154, '01', 19624, 0, '13897', 'Hoffmann, Susan M', 10, 25, 1),
(3155, '02', 19624, 0, '13900', 'Hoffmann, Susan M', 9, 25, 1),
(3156, 'LN1', 19624, 0, '13714', 'Payette, Patricia', 31, 30, 1),
(3157, 'LN2', 19624, 0, '13903', 'Payette, Patricia', 28, 30, 1),
(3158, 'LN3', 19624, 0, '14508', 'Payette, Patricia', 8, 30, 1),
(3159, 'LN1', 19625, 0, '13729', 'Payette, Patricia', 20, 20, 1),
(3160, 'LN2', 19625, 0, '11681', 'Payette, Patricia', 9, 20, 1),
(3161, 'LN1', 19626, 0, '10963', 'Payette, Patricia', 19, 20, 1),
(3162, 'LN1', 19627, 0, '13868', 'Payette, Patricia', 23, 20, 2),
(3163, 'LN2', 19627, 0, '13982', 'Payette, Patricia', 22, 20, 2),
(3164, '01', 19628, 0, '14646', 'Payette, Patricia', 12, 25, 1),
(3165, 'LN1', 19629, 0, '12041', 'Payette, Patricia', 14, 20, 1),
(3166, 'LN2', 19629, 0, '14108', 'Payette, Patricia', 9, 20, 1),
(3167, 'LN1', 19630, 0, '13795', 'Payette, Patricia', 16, 20, 2),
(3168, 'LN1', 19631, 0, '14164', 'Connolly, Cheryl A', 8, 20, 2),
(3169, 'LN1', 19632, 0, '10557', 'Doyle, Melinda E', 6, 20, 3),
(3170, 'LN1', 19633, 0, '13869', 'Doyle, Melinda E', 15, 20, 3),
(3171, 'LN1', 19634, 0, '10563', 'Payette, Patricia', 11, 20, 3),
(3172, 'LN1', 19635, 0, '13870', 'Connolly, Cheryl A', 20, 20, 3),
(3173, 'LN2', 19635, 0, '14115', 'Connolly, Cheryl A', 19, 20, 3),
(3174, 'NP1', 19636, 0, '14759', 'Payette, Patricia', 4, 0, 1),
(3175, 'NP1', 19637, 0, '14760', 'Payette, Patricia', 3, 0, 1),
(3176, '01', 19638, 0, '14093', 'Higgins, Justin', 20, 25, 1),
(3177, '01', 19639, 0, '14094', 'Higgins, Justin', 18, 25, 1),
(3178, '01', 19640, 0, '14095', 'Unger, Elizabeth A', 13, 25, 1),
(3179, '01', 19641, 0, '14743', 'Krogol, Kevin J', 13, 15, 1),
(3180, '01', 19642, 0, '14182', 'Szarek, Reynold', 15, 20, 1),
(3181, '02', 19642, 0, '14267', 'Szarek, Reynold', 5, 20, 1),
(3182, '03', 19642, 0, '14509', 'Szarek, Reynold', 20, 20, 1),
(3183, 'HS', 19643, 0, '13393', 'Dunn, Erin E', 42, 40, 1),
(3184, 'WST', 19644, 0, '13682', 'Day, Tiffany R', 48, 40, 1),
(3185, '01', 19645, 0, '13371', 'Fitzpatrick, Curtis M', 123, 125, 2),
(3186, '01', 19646, 0, '13381', 'Graves, Kyle J', 33, 30, 2),
(3187, '01', 19647, 0, '13376', 'Graves, Kyle J', 19, 30, 2),
(3188, '01', 19648, 0, '13379', 'Powers, Derek W', 26, 27, 2),
(3189, '01', 19649, 0, '13377', 'Beardsley, Allison N', 16, 17, 2),
(3190, '01', 19650, 0, '13375', 'Wallace, Frederick R', 13, 15, 2),
(3191, '01', 19651, 0, '13984', 'Smith, Joseph A', 0, 0, 1),
(3192, '02', 19652, 0, '13986', 'Skaradek, Erin E', 0, 0, 1),
(3193, '01W', 19653, 0, '12473', 'Lomanto, Melissa A', 0, 50, 1),
(3194, '01', 19654, 0, '13394', 'Krogol, Kevin J', 0, 0, 1),
(3195, '02', 19655, 0, '14192', 'Galusky, Wyatt', 27, 25, 3),
(3196, 'HY1', 19655, 0, '13801', 'Galusky, Wyatt', 24, 25, 3),
(3197, '01L', 19656, 0, '10754', 'Civiletti, Matthew J', 16, 15, 0),
(3198, '02', 19656, 0, '10039', 'Freamat, Mario', 26, 35, 4),
(3199, '02L', 19656, 0, '10755', 'Freamat, Mario', 14, 15, 0),
(3200, '03', 19656, 0, '12234', 'Freamat, Mario', 29, 35, 4),
(3201, '03L', 19656, 0, '10756', 'Freamat, Mario', 14, 15, 0),
(3202, '04', 19656, 0, '10749', 'Freamat, Mario', 16, 35, 4),
(3203, '06L', 19656, 0, '12858', 'Loudis, Michael J', 13, 15, 0),
(3204, '07L', 19656, 0, '12859', 'Civiletti, Matthew J', 14, 15, 0),
(3205, '01', 19657, 0, '10777', 'Loudis, Michael J', 21, 25, 4),
(3206, '01L', 19657, 0, '10788', 'Loudis, Michael J', 21, 15, 0),
(3207, '01', 19658, 0, '14899', 'Civiletti, Matthew J', 6, 20, 4),
(3208, '01L', 19658, 0, '14900', 'Civiletti, Matthew J', 6, 20, 0),
(3209, '01', 19659, 0, '14439', 'Healy, Elizabeth S', 35, 35, 3),
(3210, '02', 19659, 0, '14623', 'Healy, Elizabeth S', 31, 35, 3),
(3211, '01', 19660, 0, '14321', 'Cesare, William A', 34, 35, 3),
(3212, '02', 19660, 0, '14416', 'Dushay, Robert', 34, 35, 3),
(3213, '03', 19660, 0, '14847', 'Mettelman, Barbara B', 31, 35, 3),
(3214, '04', 19660, 0, '14324', 'Cesare, William A', 30, 35, 3),
(3215, '05', 19660, 0, '14322', 'Bryant, Birgit A', 34, 35, 3),
(3216, '06', 19660, 0, '14326', 'Cesare, William A', 37, 35, 3),
(3217, '07', 19660, 0, '14342', 'Cordary, Katey', 36, 35, 3),
(3218, '08', 19660, 0, '14343', 'Cordary, Katey', 35, 35, 3),
(3219, '09', 19660, 0, '14344', 'Walters, Anne E', 35, 35, 3),
(3220, '10', 19660, 0, '14422', 'Walters, Anne E', 33, 35, 3),
(3221, '11', 19660, 0, '14325', 'Samson, Patricia A', 26, 35, 3),
(3222, '01', 19661, 0, '14633', 'Dushay, Robert', 23, 0, 1),
(3223, '02', 19661, 0, '14814', 'Cesare, William A', 18, 0, 1),
(3224, '01', 19662, 0, '14345', 'Race, Lynda', 30, 30, 3),
(3225, '02', 19662, 0, '14346', 'Race, Lynda', 27, 30, 3),
(3226, '01', 19663, 0, '14634', 'Cesare, William A', 34, 30, 3),
(3227, 'HY1', 19664, 0, '14377', 'Bryant, Birgit A', 23, 25, 3),
(3228, 'LN1', 19664, 0, '14347', 'Bryant, Birgit A', 26, 25, 3),
(3229, 'LN2', 19664, 0, '14448', 'Bryant, Birgit A', 24, 25, 3),
(3230, '01', 19665, 0, '14637', 'Dushay, Robert', 18, 25, 4),
(3231, '01', 19666, 0, '14350', 'Dushay, Robert', 27, 25, 3),
(3232, '01', 19667, 0, '14349', 'Dushay, Robert', 25, 25, 3),
(3233, '01', 19668, 0, '14748', 'Cesare, William A', 3, 20, 1),
(3234, 'NP1', 19669, 0, '14848', 'Cesare, William A', 2, 0, 12),
(3235, '01', 19670, 0, '14746', 'Bryant, Birgit A', 11, 20, 3),
(3236, '01', 19671, 0, '14174', 'Hofmeyer, Philip V', 40, 60, 3),
(3237, '01', 19672, 0, '14386', 'Ballard, Benjamin D', 20, 30, 1),
(3238, '01', 19673, 0, '14709', 'Hofmeyer, Philip V', 14, 15, 3),
(3239, '01L', 19673, 0, '14710', 'Hofmeyer, Philip V', 14, 15, 0),
(3240, '01', 19674, 0, '14487', 'Ballard, Benjamin D', 21, 30, 3),
(3241, '01L', 19674, 0, '14488', 'Ballard, Benjamin D', 9, 15, 0),
(3242, '02L', 19674, 0, '14497', 'Ballard, Benjamin D', 12, 15, 0),
(3243, '01', 19675, 0, '14711', 'Hofmeyer, Philip V', 8, 15, 3),
(3244, '01L', 19675, 0, '14712', 'Hofmeyer, Philip V', 8, 15, 0),
(3245, '01', 19676, 0, '14591', 'Ballard, Benjamin D', 6, 15, 3),
(3246, '01L', 19676, 0, '14592', 'Ballard, Benjamin D', 6, 15, 0),
(3247, 'PD1', 19677, 0, '14642', 'Ballard, Benjamin D', 2, 0, 0),
(3248, 'PD2', 19677, 0, '14756', 'Hofmeyer, Philip V', 2, 0, 0),
(3249, '01', 19678, 0, '11579', 'Revette, Bruce M', 16, 30, 3),
(3250, '01L', 19678, 0, '11577', 'Costello, James T', 3, 15, 0),
(3251, '02L', 19678, 0, '11578', 'Revette, Bruce M', 13, 15, 0),
(3252, '01', 19679, 0, '12205', 'Warner, Nick C', 17, 48, 3),
(3253, '01L', 19679, 0, '12206', 'Warner, Nick C', 10, 12, 0),
(3254, '02L', 19679, 0, '12207', 'Warner, Nick C', 3, 12, 0),
(3255, '04L', 19679, 0, '12209', 'Warner, Nick C', 4, 12, 0),
(3256, '01', 19680, 0, '10573', 'Revette, Bruce M', 16, 20, 3),
(3257, '01L', 19680, 0, '10580', 'Revette, Bruce M', 16, 20, 0),
(3258, '01', 19681, 0, '10582', 'Revette, Bruce M', 14, 25, 3),
(3259, '01L', 19681, 0, '10585', 'Revette, Bruce M', 6, 10, 0),
(3260, '02L', 19681, 0, '10588', 'Revette, Bruce M', 8, 10, 0),
(3261, '01', 19682, 0, '10591', 'Warner, Nick C', 20, 25, 3),
(3262, '01L', 19682, 0, '10593', 'Costello, James T', 9, 10, 0),
(3263, '02L', 19682, 0, '10596', 'Warner, Nick C', 11, 10, 0),
(3264, '01', 19683, 0, '13336', 'Kelly, Brendan T', 9, 20, 3),
(3265, '01L', 19683, 0, '13337', 'Kelly, Brendan T', 9, 20, 0),
(3266, '01', 19684, 0, '13328', 'Snyder, William', 12, 15, 3),
(3267, '01L', 19684, 0, '13329', 'Snyder, William', 8, 10, 0),
(3268, '02L', 19684, 0, '13967', 'Snyder, William', 4, 10, 0),
(3269, '01', 19685, 0, '14383', 'Livengood, Elisa J', 8, 12, 3),
(3270, '01L', 19685, 0, '14384', 'Livengood, Elisa J', 8, 12, 0),
(3271, '01', 19686, 0, '14385', 'Shayya, Walid', 7, 12, 2),
(3272, '01', 19687, 0, '13454', 'Marshman, Sheila A', 12, 15, 1),
(3273, 'PD1', 19688, 0, '13832', 'Hargrave, J. R', 2, 0, 15),
(3274, '01', 19689, 0, '13447', 'Felton, John D', 15, 24, 3),
(3275, '01', 19690, 0, '13305', 'Beadle, Kerry J', 15, 25, 4),
(3276, '01', 19691, 0, '13512', 'Johnson, Joan M', 15, 20, 3),
(3277, '01', 19692, 0, '13731', 'Felton, John D', 11, 20, 3),
(3278, '02', 19693, 0, '13989', 'Johnson, Joan M', 9, 15, 1),
(3279, 'NP1', 19694, 0, '13449', 'Johnson, Joan M', 1, 5, 12),
(3280, 'PD1', 19694, 0, '14160', 'Johnson, Joan M', 3, 5, 12),
(3281, '01', 19695, 0, '11505', 'Weiss, Kathleen D', 11, 21, 3),
(3282, 'OC1', 19695, 0, '14876', 'Weiss, Kathleen D', 8, 0, 3),
(3283, '07', 19696, 0, '11258', 'Gerken, Timothy', 3, 20, 3),
(3284, 'OC1', 19696, 0, '14880', 'Baggett, Jennifer J', 8, 0, 3),
(3285, '01', 19697, 0, '10990', 'Hill, Patrick A', 21, 23, 3),
(3286, '02', 19697, 0, '12163', 'Hill, Patrick A', 17, 23, 3),
(3287, '04', 19697, 0, '10993', 'Molloy, Diana L', 21, 23, 3),
(3288, '06', 19697, 0, '12162', 'Molloy, Diana L', 21, 23, 3),
(3289, '08', 19697, 0, '12459', 'Hughes, Ann H', 10, 23, 3),
(3290, '09', 19697, 0, '12460', 'Hughes, Ann H', 19, 23, 3),
(3291, '11', 19697, 0, '12550', 'Hughes, Ann H', 19, 23, 3),
(3292, '13', 19697, 0, '12871', 'Uhlig, Karen', 8, 23, 3),
(3293, '01', 19698, 0, '14327', 'Fry, Victoria T', 34, 35, 3),
(3294, '03', 19698, 0, '14330', 'Fry, Victoria T', 37, 35, 3),
(3295, '06', 19698, 0, '14328', 'Reymers, Kurt E', 36, 35, 3),
(3296, 'P3', 19698, 0, '14331', 'Reymers, Kurt E', 15, 0, 3),
(3297, '01', 19699, 0, '14749', 'Reymers, Kurt E', 16, 25, 3),
(3298, '01', 19700, 0, '10925', 'Bliss, Silvia', 27, 25, 3),
(3299, '02', 19700, 0, '12557', 'Bliss, Silvia', 26, 25, 3),
(3300, '03', 19700, 0, '13799', 'Bliss, Silvia', 24, 25, 3),
(3301, '04', 19700, 0, '11600', 'Bliss, Silvia', 24, 25, 3),
(3302, '01', 19701, 0, '13800', 'Bliss, Silvia', 25, 25, 3),
(3303, '01', 19702, 0, '13257', 'Alexander, Ronald F', 10, 10, 1),
(3304, '02', 19702, 0, '13395', 'Alexander, Ronald F', 2, 0, 1),
(3305, '01', 19703, 0, '13598', 'Alexander, Ronald F', 2, 0, 1),
(3306, '01', 19704, 0, '12737', 'Olinski, Adam J', 1, 0, 1),
(3307, '02', 19704, 0, '13988', 'Bremiller, Eric M', 7, 0, 1),
(3308, '03', 19704, 0, '14905', 'Hennigan, Kelly', 2, 1, 1),
(3309, '01', 19705, 0, '12740', 'Seymour, Scott D', 1, 0, 1),
(3310, '01', 19706, 0, '12741', 'Seymour, Scott D', 1, 0, 1),
(3311, '01', 19707, 0, '12742', 'Seymour, Scott D', 1, 0, 1),
(3312, '01', 19708, 0, '12752', 'Okereke, Victor I', 1, 0, 1),
(3313, '01', 19709, 0, '13853', 'St. Hilaire, Bonnie', 1, 1, 1),
(3314, '01', 19710, 0, '14513', 'Ax, Charles J', 23, 1, 1),
(3315, '01', 19711, 0, '14514', 'Ax, Charles J', 14, 1, 1),
(3316, '02', 19712, 0, '13862', 'Morgan-Paugh, Erin E', 3, 0, 1),
(3317, '01', 19713, 0, '13555', 'Johnson, Joan M', 1, 0, 1),
(3318, '01', 19714, 0, '13556', 'Johnson, Joan M', 1, 0, 1),
(3319, '01', 19715, 0, '13557', 'Johnson, Joan M', 1, 0, 1),
(3320, '01', 19716, 0, '14502', 'Marcoux, Richard', 1, 0, 1),
(3321, '02', 19716, 0, '14511', 'Lichoro, David', 1, 1, 1),
(3322, '01', 19717, 0, '14436', 'Marcoux, Richard', 1, 0, 1),
(3323, '02', 19717, 0, '14714', 'Lichoro, David', 1, 1, 1),
(3324, '01', 19718, 0, '14503', 'Marcoux, Richard', 1, 0, 1),
(3325, '02', 19718, 0, '14715', 'Lichoro, David', 1, 1, 1),
(3326, '01', 19719, 0, '14859', 'Ballard, Benjamin D', 2, 5, 1),
(3327, '01', 19720, 0, '14860', 'Ballard, Benjamin D', 2, 5, 1),
(3328, '01', 19721, 0, '14813', 'Galusky, Wyatt', 8, 25, 3),
(3329, '01', 19722, 0, '14902', 'Galusky, Wyatt', 1, 0, 3),
(3330, 'PD1', 19723, 0, '14421', 'Boyce, Sharon Y', 2, 0, 15),
(3331, '01', 19724, 0, '13629', 'Hinkle, Stephen', 13, 30, 3),
(3332, 'OC1', 19724, 0, '14881', 'Trinca, Alessandro J', 13, 0, 3),
(3333, '01', 19725, 0, '13875', 'Hinkle, Stephen', 13, 29, 0),
(3334, '01', 19726, 0, '10209', 'Gabriel, Rene C', 16, 20, 3),
(3335, '02', 19727, 0, '10957', 'Gabriel, Rene C', 41, 40, 3),
(3336, '01', 19728, 0, '10995', 'Gabriel, Rene C', 13, 40, 3),
(3337, '01', 19729, 0, '10948', 'Johnson, Joan M', 10, 40, 2),
(3338, '02', 19730, 0, '12542', 'Gabriel, Rene C', 5, 4, 2),
(3339, '01', 19731, 0, '12903', 'Johnson, Joan M', 3, 4, 2),
(3340, 'OC1', 19732, 0, '14872', 'Bjork, Sarah E', 15, 0, 0),
(3341, 'OC2', 19732, 0, '14873', 'Bjork, Sarah E', 17, 0, 0),
(3342, 'OX1', 19732, 0, '14894', 'Borger, Roberta', 8, 0, 0),
(3343, '01', 19733, 0, '14194', 'Jenkins, Susan', 25, 0, 3),
(3344, '01', 19734, 0, '10553', 'Mbaga, Lenno', 24, 60, 3),
(3345, '01L', 19734, 0, '10554', 'Mbaga, Lenno', 11, 12, 0),
(3346, '02L', 19734, 0, '11647', 'Mbaga, Lenno', 5, 12, 0),
(3347, '04L', 19734, 0, '11649', 'Mbaga, Lenno', 3, 12, 0),
(3348, '05L', 19734, 0, '12944', 'Mbaga, Lenno', 5, 12, 0),
(3349, '01', 19735, 0, '10547', 'Costello, James T', 5, 25, 3),
(3350, '01L', 19735, 0, '10549', 'Costello, James T', 5, 15, 0),
(3351, '01', 19736, 0, '10565', 'Costello, James T', 5, 25, 3),
(3352, '01L', 19736, 0, '10567', 'Costello, James T', 5, 15, 0),
(3353, '01', 19737, 0, '10558', 'Mbaga, Lenno', 7, 20, 4),
(3354, '01L', 19737, 0, '10560', 'Mbaga, Lenno', 7, 12, 0);

-- --------------------------------------------------------

--
-- Table structure for table `course_terms`
--

CREATE TABLE IF NOT EXISTS `course_terms` (
  `id` int(11) NOT NULL AUTO_INCREMENT,
  `abbreviation` varchar(5) NOT NULL,
  `name` varchar(25) NOT NULL,
  PRIMARY KEY (`id`)
) ENGINE=InnoDB DEFAULT CHARSET=latin1 AUTO_INCREMENT=1 ;

-- --------------------------------------------------------

--
-- Table structure for table `departments`
--

CREATE TABLE IF NOT EXISTS `departments` (
  `id` int(5) NOT NULL AUTO_INCREMENT,
  `abbreviation` varchar(5) NOT NULL,
  PRIMARY KEY (`id`)
) ENGINE=InnoDB  DEFAULT CHARSET=latin1 AUTO_INCREMENT=49244 ;

--
-- Dumping data for table `departments`
--

INSERT INTO `departments` (`id`, `abbreviation`) VALUES
(49165, 'ACCT'),
(49166, 'AGBS'),
(49167, 'AGEN'),
(49168, 'AGNR'),
(49169, 'AGRO'),
(49170, 'AGSC'),
(49171, 'AMSL'),
(49172, 'ANTH'),
(49173, 'ARCH'),
(49174, 'ART'),
(49175, 'ASET'),
(49176, 'AUTO'),
(49177, 'BIOL'),
(49178, 'BSAD'),
(49179, 'CAD'),
(49180, 'CAS'),
(49181, 'CHEM'),
(49182, 'CITA'),
(49183, 'CJUS'),
(49184, 'COAC'),
(49185, 'COMM'),
(49186, 'COMP'),
(49187, 'COSC'),
(49188, 'CUL'),
(49189, 'DANS'),
(49190, 'DRFT'),
(49191, 'DTEC'),
(49192, 'EAP'),
(49193, 'ECON'),
(49194, 'EDU'),
(49195, 'ELEC'),
(49196, 'ENGR'),
(49197, 'ENGT'),
(49198, 'ENSC'),
(49199, 'ENTR'),
(49200, 'ENVT'),
(49201, 'ERID'),
(49202, 'ESCI'),
(49203, 'ESTB'),
(49204, 'ETC'),
(49205, 'FSAD'),
(49206, 'GEOG'),
(49207, 'GNED'),
(49208, 'HIST'),
(49209, 'HORT'),
(49210, 'HPHP'),
(49211, 'HUMS'),
(49212, 'JOUR'),
(49213, 'LITR'),
(49214, 'MAGN'),
(49215, 'MAST'),
(49216, 'MATH'),
(49217, 'MECH'),
(49218, 'MFG'),
(49219, 'MUSI'),
(49220, 'NATR'),
(49221, 'NURS'),
(49222, 'NUTR'),
(49223, 'OFFT'),
(49224, 'PHED'),
(49225, 'PHIL'),
(49226, 'PHYS'),
(49227, 'POLI'),
(49228, 'PSYC'),
(49229, 'RENG'),
(49230, 'RESC'),
(49231, 'RREN'),
(49232, 'RRMT'),
(49233, 'SKLS'),
(49234, 'SOCI'),
(49235, 'SPAN'),
(49236, 'SPPR'),
(49237, 'STS'),
(49238, 'TECH'),
(49239, 'THEA'),
(49240, 'TOUR'),
(49241, 'USS'),
(49242, 'WELL'),
(49243, 'WOOD');

-- --------------------------------------------------------

--
-- Table structure for table `meetings`
--

CREATE TABLE IF NOT EXISTS `meetings` (
  `id` int(11) NOT NULL AUTO_INCREMENT,
  `monday` bit(1) NOT NULL,
  `tuesday` bit(1) NOT NULL,
  `wednesday` bit(1) NOT NULL,
  `thursday` bit(1) NOT NULL,
  `friday` bit(1) NOT NULL,
  `online` bit(1) NOT NULL,
  `startTime` int(11) NOT NULL,
  `endTime` int(11) NOT NULL,
  `coursesection_id` int(11) NOT NULL,
  `building` varchar(25) NOT NULL,
  `room` varchar(25) NOT NULL,
  PRIMARY KEY (`id`)
) ENGINE=InnoDB DEFAULT CHARSET=latin1 AUTO_INCREMENT=1 ;

-- --------------------------------------------------------

--
-- Table structure for table `term_weeks`
--

CREATE TABLE IF NOT EXISTS `term_weeks` (
  `id` int(11) NOT NULL AUTO_INCREMENT,
  `week` int(11) NOT NULL,
  `term_id` int(11) NOT NULL,
  PRIMARY KEY (`id`)
) ENGINE=InnoDB DEFAULT CHARSET=latin1 AUTO_INCREMENT=1 ;

/*!40101 SET CHARACTER_SET_CLIENT=@OLD_CHARACTER_SET_CLIENT */;
/*!40101 SET CHARACTER_SET_RESULTS=@OLD_CHARACTER_SET_RESULTS */;
/*!40101 SET COLLATION_CONNECTION=@OLD_COLLATION_CONNECTION */;
